filename,total,out_of_frame,stopcodon,productive
CLONES_TRBTLDC_1_/CLONES_TRBTLDC_1_VM_4W_TCR-JV_cDNA_20_GAGCTGAA_merged_170000.txt,4614,155,21,4438
CLONES_TRBTLDC_1_/CLONES_TRBTLDC_1_VM_baseline_TCR-JV_cDNA_13_CAAGACTA_merged_170000.txt,7515,282,22,7211
CLONES_TRBTLDC_1_/CLONES_TRBTLDC_1_VM_infusion_TCR-JV_cDNA_27_GAATCTGA_merged_170000.txt,898,60,7,831
CLONES_TRBTLML_1_/CLONES_TRBTLML_1_AT_4W_TCR-JV_cDNA_69_GATAGACA_merged_170000.txt,5057,171,17,4869
CLONES_TRBTLML_1_/CLONES_TRBTLML_1_AT_FU10_TCR-JV_cDNA_33_GCTAACGA_merged_170000.txt,7917,271,27,7619
CLONES_TRBTLML_1_/CLONES_TRBTLML_1_AT_FU12_TCR-JV_cDNA_24_GCTCGGTA_merged_170000.txt,5896,230,20,5646
CLONES_TRBTLML_1_/CLONES_TRBTLML_1_AT_FU13_TCR-JV_cDNA_21_GGAGAACA_merged_170000.txt,9951,335,30,9586
CLONES_TRBTLML_1_/CLONES_TRBTLML_1_AT_FU16_TCR-JV_cDNA_13_GTACGCAA_merged_170000.txt,7256,263,32,6961
CLONES_TRBTLML_1_/CLONES_TRBTLML_1_AT_FU7_TCR-JV_cDNA_18_GCCACATA_merged_170000.txt,11389,361,36,10992
CLONES_TRBTLML_16/CLONES_TRBTLML_16_MT_baseline_TCR-JV_cDNA_19_TGGTGGTA_merged_170000.txt,10072,385,45,9642
CLONES_TRBTLML_16/CLONES_TRBTLML_16_MT_FU1_TCR-JV_cDNA_20_AACTCACC_merged_170000.txt,2424,109,16,2299
CLONES_TRBTLML_16/CLONES_TRBTLML_16_MT_FU2_TCR-JV_cDNA_28_AAGAGATC_merged_170000.txt,1549,81,9,1459
CLONES_TRBTLML_16/CLONES_TRBTLML_16_MT_FU3_TCR-JV_cDNA_20_AAGGACAC_merged_170000.txt,1497,74,2,1421
CLONES_TRBTLML_16/CLONES_TRBTLML_16_MT_FU4_TCR-JV_cDNA_27_AATCCGTC_merged_170000.txt,1939,90,12,1837
CLONES_TRBTLML_16/CLONES_TRBTLML_16_MT_FU5_TCR-JV_cDNA_34_AATGTTGC_merged_170000.txt,3144,142,14,2988
CLONES_TRBTLML_16/CLONES_TRBTLML_16_MT_infusion_TCR-JV_cDNA_15_TGGCTTCA_merged_170000.txt,1765,74,5,1686
CLONES_TRBTLML_18/CLONES_TRBTLML_18_CKN_4W_TCR-JV_cDNA_34_AGATGTAC_merged_170000.txt,1628,92,8,1528
CLONES_TRBTLML_18/CLONES_TRBTLML_18_CKN_apheresis_TCR-JV_cDNA_57_ACAGATTC_merged_170000.txt,8889,334,48,8507
CLONES_TRBTLML_18/CLONES_TRBTLML_18_CKN_infusion_TCR-JV_cDNA_13_ACACGACC_merged_170000.txt,959,59,8,892
CLONES_TRBTLML_20/CLONES_TRBTLML_20_TB_4W_TCR-JV_cDNA_14_AGGCTAAC_merged_170000.txt,2478,122,8,2348
CLONES_TRBTLML_20/CLONES_TRBTLML_20_TB_baseline2_TCR-JV_cDNA_13_AGCCATGC_merged_170000.txt,10536,315,44,10177
CLONES_TRBTLML_20/CLONES_TRBTLML_20_TB_FU1_TCR-JV_cDNA_18_ATAGCGAC_merged_170000.txt,5517,239,22,5256
CLONES_TRBTLML_20/CLONES_TRBTLML_20_TB_FU2_TCR-JV_cDNA_25_ATCATTCC_merged_170000.txt,7714,250,28,7436
CLONES_TRBTLML_20/CLONES_TRBTLML_20_TB_infusion_TCR-JV_cDNA_97_AGCACCTC_merged_170000.txt,3451,175,21,3255
CLONES_TRBTLML_22/CLONES_TRBTLML_22_PJ_4W_TCR-JV_cDNA_21_CACCTTAC_merged_170000.txt,1633,127,10,1496
CLONES_TRBTLML_22/CLONES_TRBTLML_22_PJ_FU1_TCR-JV_cDNA_16_CCATCCTC_merged_170000.txt,2094,145,10,1939
CLONES_TRBTLML_22/CLONES_TRBTLML_22_PJ_FU2_TCR-JV_cDNA_13_CCGACAAC_merged_170000.txt,2694,177,16,2501
CLONES_TRBTLML_22/CLONES_TRBTLML_22_PJ_FU3_TCR-JV_cDNA_16_CCTAATCC_merged_170000.txt,2560,177,14,2369
CLONES_TRBTLML_22/CLONES_TRBTLML_22_PJ_infusion_TCR-JV_cDNA_18_ATTGGCTC_merged_170000.txt,2920,153,11,2756
CLONES_TRBTLML_26/CLONES_TRB17_02_TLML-019-FT-4W_TCR-J_D_TCR-V_cDNA_88_TCTTCACA_merged_170000.txt,1322,109,14,1199
CLONES_TRBTLML_26/CLONES_TRB17_02_TLML-019-FT-BL_TCR-J_D_TCR-V_cDNA_31_TCCGTCTA_merged_170000.txt,9807,630,51,9126
CLONES_TRBTLML_29/CLONES_TRBTLML_29_JC_4W_TCR-JV_cDNA_25_CGGATTGC_merged_170000.txt,4992,235,16,4741
CLONES_TRBTLML_29/CLONES_TRBTLML_29_JC_baseline_TCR-JV_cDNA_18_CGACACAC_merged_170000.txt,6441,242,28,6171
CLONES_TRBTLML_29/CLONES_TRBTLML_29_JC_infusion_TCR-JV_cDNA_13_CCTCTATC_merged_170000.txt,4619,152,19,4448
CLONES_TRBTLML_4_/CLONES_TRBTLML_4_JR_4W_TCR-JV_cDNA_32_GTGTTCTA_merged_170000.txt,2767,122,12,2633
CLONES_TRBTLML_4_/CLONES_TRBTLML_4_JR_baseline2_TCR-JV_cDNA_42_GTCTGTCA_merged_170000.txt,7360,198,26,7136
CLONES_TRBTLML_4_/CLONES_TRBTLML_4_JR_FU1_TCR-JV_cDNA_15_TAGGATGA_merged_170000.txt,1701,100,12,1589
CLONES_TRBTLML_4_/CLONES_TRBTLML_4_JR_infusion_TCR-JV_cDNA_13_GTCGTAGA_merged_170000.txt,5902,235,26,5641
CLONES_TRBTLML_7_/CLONES_TRBTLML_7_AL_12W_TCR-JV_cDNA_35_TGAAGAGA_merged_170000.txt,7140,236,33,6871
CLONES_TRBTLML_7_/CLONES_TRBTLML_7_AL_4W_TCR-JV_cDNA_37_TCTTCACA_merged_170000.txt,9629,368,36,9225
CLONES_TRBTLML_7_/CLONES_TRBTLML_7_AL_apheresis_TCR-JV_cDNA_21_TCCGTCTA_merged_170000.txt,18926,582,58,18286
CLONES_TRBTLML_7_/CLONES_TRBTLML_7_AL_infusion_TCR-JV_cDNA_25_TATCAGCA_merged_170000.txt,13884,425,54,13405