filename,total,out_of_frame,stopcodon,productive,Percentage Unproductive
CLONES_TRBTLDC_1_/CLONES_TRBTLDC_1_VM_4W_TCR-J_Dep_TCR-V_genomic_1000_ATGCCTAA_merged_2500000.txt,1267,227,30,1010,0.202841358
CLONES_TRBTLDC_1_/CLONES_TRBTLDC_1_VM_baseline_TCR-J_Dep_TCR-V_genomic_1000_AAACATCG_merged_2500000.txt,1183,229,21,933,0.211327134
CLONES_TRBTLDC_1_/CLONES_TRBTLDC_1_VM_infusion_TCR-J_Dep_TCR-V_genomic_1000_AACGTGAT_merged_2500000.txt,476,107,12,357,0.25
CLONES_TRBTLML_1_/CLONES_TRB16_08_TLML-001-AT_A_B_genomic_ACCTCCAA_S21_2500000.txt,527,80,15,432,0.180265655
CLONES_TRBTLML_1_/CLONES_TRB16_08_TLML-001-AT_C2D1_B_genomic_ACGCTCGA_S22_2500000.txt,353,44,12,297,0.158640227
CLONES_TRBTLML_1_/CLONES_TRB16_08_TLML-001-AT_C2D4_B_genomic_ACTATGCA_S23_2500000.txt,236,35,8,193,0.18220339
CLONES_TRBTLML_1_/CLONES_TRB16_08_TLML-001-AT_FU-01_B_genomic_AGAGTCAA_S24_2500000.txt,637,116,18,503,0.210361068
CLONES_TRBTLML_1_/CLONES_TRB16_08_TLML-001-AT_FU-011_B_genomic_CAATGGAA_S31_2500000.txt,963,179,26,758,0.212876428
CLONES_TRBTLML_1_/CLONES_TRB16_08_TLML-001-AT_FU-014_B_genomic_CACTTCGA_S32_2500000.txt,738,135,30,573,0.223577236
CLONES_TRBTLML_1_/CLONES_TRB16_08_TLML-001-AT_FU-02_B_DNA_AGATCGCA_S25_2500000.txt,996,158,24,814,0.182730924
CLONES_TRBTLML_1_/CLONES_TRB16_08_TLML-001-AT_FU-03_B_DNA_AGCAGGAA_S26_2500000.txt,507,82,11,414,0.183431953
CLONES_TRBTLML_1_/CLONES_TRB16_08_TLML-001-AT_FU-04_B_DNA_AGTCACTA_S27_2500000.txt,896,146,19,731,0.184151786
CLONES_TRBTLML_1_/CLONES_TRB16_08_TLML-001-AT_FU-05_B_DNA_ATTGAGGA_S28_2500000.txt,951,180,30,741,0.220820189
CLONES_TRBTLML_1_/CLONES_TRB16_08_TLML-001-AT_FU-06_B_DNA_CAACCACA_S29_2500000.txt,891,168,28,695,0.219977553
CLONES_TRBTLML_1_/CLONES_TRB16_08_TLML-001-AT_FU-08_B_DNA_GACTAGTA_S30_2500000.txt,334,69,5,260,0.221556886
CLONES_TRBTLML_1_/CLONES_TRB16_08_TLML-001-AT_Infusion_L_DNA_ACAGCAGA_S20_2500000.txt,430,63,15,352,0.181395349
CLONES_TRBTLML_1_/CLONES_TRBTLML_1_AT_4W_TCR-J_Dep_TCR-V_genomic_1000_AGTGGTCA_merged_2500000.txt,957,136,9,812,0.151515152
CLONES_TRBTLML_1_/CLONES_TRBTLML_1_AT_FU10_TCR-J_Dep_TCR-V_genomic_1000_CAGATCTG_merged_2500000.txt,1317,264,31,1022,0.223993926
CLONES_TRBTLML_1_/CLONES_TRBTLML_1_AT_FU12_TCR-J_Dep_TCR-V_genomic_1000_CATCAAGT_merged_2500000.txt,1177,197,28,952,0.191163976
CLONES_TRBTLML_1_/CLONES_TRBTLML_1_AT_FU13_TCR-J_Dep_TCR-V_genomic_1000_CGCTGATC_merged_2500000.txt,1473,305,29,1139,0.226748133
CLONES_TRBTLML_1_/CLONES_TRBTLML_1_AT_FU15_TCR-J_Dep_TCR-V_genomic_1000_ACAAGCTA_merged_2500000.txt,1091,230,26,835,0.234647113
CLONES_TRBTLML_1_/CLONES_TRBTLML_1_AT_FU16_TCR-J_Dep_TCR-V_genomic_1000_CTGTAGCC_merged_2500000.txt,705,149,11,545,0.226950355
CLONES_TRBTLML_1_/CLONES_TRBTLML_1_AT_FU7_TCR-J_Dep_TCR-V_genomic_1000_ACCACTGT_merged_2500000.txt,1337,275,22,1040,0.222139117
CLONES_TRBTLML_1_/CLONES_TRBTLML_1_AT_FU9_TCR-J_Dep_TCR-V_genomic_1000_ACATTGGC_merged_2500000.txt,754,167,16,571,0.24270557
CLONES_TRBTLML_16/CLONES_TRBTLML_16_MT_4W_TCR-J_Dep_TCR-V_genomic_1000_ACTATGCA_merged_2500000.txt,255,46,9,200,0.215686275
CLONES_TRBTLML_16/CLONES_TRBTLML_16_MT_baseline_TCR-J_Dep_TCR-V_genomic_1000_ACGTATCA_merged_2500000.txt,1622,318,31,1273,0.215166461
CLONES_TRBTLML_16/CLONES_TRBTLML_16_MT_FU1_TCR-J_Dep_TCR-V_genomic_1000_AGAGTCAA_merged_2500000.txt,371,83,8,280,0.245283019
CLONES_TRBTLML_16/CLONES_TRBTLML_16_MT_FU2_TCR-J_Dep_TCR-V_genomic_1000_AGATCGCA_merged_2500000.txt,305,68,6,231,0.242622951
CLONES_TRBTLML_16/CLONES_TRBTLML_16_MT_FU3_TCR-J_Dep_TCR-V_genomic_1000_AGCAGGAA_merged_2500000.txt,295,44,4,247,0.162711864
CLONES_TRBTLML_16/CLONES_TRBTLML_16_MT_FU4_TCR-J_Dep_TCR-V_genomic_1000_AGTCACTA_merged_2500000.txt,455,98,8,349,0.232967033
CLONES_TRBTLML_16/CLONES_TRBTLML_16_MT_FU5_TCR-J_Dep_TCR-V_genomic_1000_ATCCTGTA_merged_2500000.txt,384,94,6,284,0.260416667
CLONES_TRBTLML_16/CLONES_TRBTLML_16_MT_infusion_TCR-J_Dep_TCR-V_genomic_1000_ACGCTCGA_merged_2500000.txt,896,183,22,691,0.228794643
CLONES_TRBTLML_18/CLONES_TRBTLML_18_CKN_4W_TCR-J_Dep_TCR-V_genomic_1000_GACTAGTA_merged_2500000.txt,317,80,7,230,0.27444795
CLONES_TRBTLML_18/CLONES_TRBTLML_18_CKN_apheresis_TCR-J_Dep_TCR-V_genomic_1000_CAACCACA_merged_2500000.txt,729,147,27,555,0.238683128
CLONES_TRBTLML_18/CLONES_TRBTLML_18_CKN_infusion_TCR-J_Dep_TCR-V_genomic_500_ATTGAGGA_merged_2500000.txt,486,121,15,350,0.279835391
CLONES_TRBTLML_20/CLONES_TRBTLML_20_TB_4W_TCR-J_Dep_TCR-V_genomic_1000_CAGCGTTA_merged_2500000.txt,954,195,19,740,0.224318658
CLONES_TRBTLML_20/CLONES_TRBTLML_20_TB_baseline2_TCR-J_Dep_TCR-V_genomic_1000_CACTTCGA_merged_2500000.txt,1371,284,27,1060,0.226841721
CLONES_TRBTLML_20/CLONES_TRBTLML_20_TB_FU1_TCR-J_Dep_TCR-V_genomic_1000_CATACCAA_merged_2500000.txt,996,214,14,768,0.228915663
CLONES_TRBTLML_20/CLONES_TRBTLML_20_TB_FU2_TCR-J_Dep_TCR-V_genomic_1000_CCAGTTCA_merged_2500000.txt,907,195,22,690,0.239250276
CLONES_TRBTLML_20/CLONES_TRBTLML_20_TB_infusion_TCR-J_Dep_TCR-V_genomic_1000_CAATGGAA_merged_2500000.txt,1508,312,35,1161,0.230106101
CLONES_TRBTLML_22/CLONES_TRBTLML_22_PJ_4W_TCR-J_Dep_TCR-V_genomic_1000_CCTCCTGA_merged_2500000.txt,663,153,9,501,0.244343891
CLONES_TRBTLML_22/CLONES_TRBTLML_22_PJ_baseline_TCR-J_Dep_TCR-V_genomic_1000_CCGTGAGA_merged_2500000.txt,465,102,11,352,0.243010753
CLONES_TRBTLML_22/CLONES_TRBTLML_22_PJ_FU1_TCR-J_Dep_TCR-V_genomic_1000_CGAACTTA_merged_2500000.txt,611,153,8,450,0.263502455
CLONES_TRBTLML_22/CLONES_TRBTLML_22_PJ_FU2_TCR-J_Dep_TCR-V_genomic_1000_CGACTGGA_merged_2500000.txt,742,192,13,537,0.276280323
CLONES_TRBTLML_22/CLONES_TRBTLML_22_PJ_FU3_TCR-J_Dep_TCR-V_genomic_1000_CGCATACA_merged_2500000.txt,833,204,14,615,0.261704682
CLONES_TRBTLML_22/CLONES_TRBTLML_22_PJ_infusion_TCR-J_Dep_TCR-V_genomic_1000_CCGAAGTA_merged_2500000.txt,1150,276,23,851,0.26
CLONES_TRBTLML_26/CLONES_TRB16_08_TLML-026-FT_4W_B_genomic_CCGTGAGA_S37_2500000.txt,694,138,24,532,0.233429395
CLONES_TRBTLML_26/CLONES_TRB16_08_TLML-026-FT_A_B_genomic_CATACCAA_S34_2500000.txt,552,118,9,425,0.230072464
CLONES_TRBTLML_26/CLONES_TRB16_08_TLML-026-FT_BL_B_genomic_CCAGTTCA_S35_2500000.txt,1845,360,43,1442,0.218428184
CLONES_TRBTLML_26/CLONES_TRB16_08_TLML-026-FT_C2D4_B_genomic_CCGAAGTA_S36_2500000.txt,1100,201,29,870,0.209090909
CLONES_TRBTLML_26/CLONES_TRB16_08_TLML-026-FT_FU-01_B_genomic_CGAACTTA_S38_2500000.txt,529,97,16,416,0.213610586
CLONES_TRBTLML_26/CLONES_TRB16_08_TLML-026-FT_FU-02_B_genomic_CGACTGGA_S39_2500000.txt,305,68,3,234,0.232786885
CLONES_TRBTLML_26/CLONES_TRB16_08_TLML-026-FT_Infusion_L_genomic_CAGCGTTA_S33_2500000.txt,1525,301,40,1184,0.223606557
CLONES_TRBTLML_29/CLONES_TRBTLML_29_JC_4W_TCR-J_Dep_TCR-V_genomic_1000_CTGGCATA_merged_2500000.txt,856,180,15,661,0.227803738
CLONES_TRBTLML_29/CLONES_TRBTLML_29_JC_baseline_TCR-J_Dep_TCR-V_genomic_1000_CTGAGCCA_merged_2500000.txt,860,159,12,689,0.198837209
CLONES_TRBTLML_29/CLONES_TRBTLML_29_JC_infusion_TCR-J_Dep_TCR-V_genomic_1000_CTCAATGA_merged_2500000.txt,1841,368,34,1439,0.218359587
CLONES_TRBTLML_4_/CLONES_TRBTLML_4_JR_4W_TCR-J_Dep_TCR-V_genomic_1000_AACCGAGA_merged_2500000.txt,756,148,16,592,0.216931217
CLONES_TRBTLML_4_/CLONES_TRBTLML_4_JR_baseline2_TCR-J_Dep_TCR-V_genomic_1000_AACAACCA_merged_2500000.txt,905,158,13,734,0.188950276
CLONES_TRBTLML_4_/CLONES_TRBTLML_4_JR_FU1_TCR-J_Dep_TCR-V_genomic_1000_AACGCTTA_merged_2500000.txt,582,112,15,455,0.218213058
CLONES_TRBTLML_4_/CLONES_TRBTLML_4_JR_infusion_TCR-J_Dep_TCR-V_genomic_1000_AGTACAAG_merged_2500000.txt,2333,489,38,1806,0.225889413
CLONES_TRBTLML_7_/CLONES_TRBTLML_7_AL_12W_TCR-J_Dep_TCR-V_genomic_1000_ACAGCAGA_merged_2500000.txt,1160,219,26,915,0.211206897
CLONES_TRBTLML_7_/CLONES_TRBTLML_7_AL_17W_TCR-J_Dep_TCR-V_genomic_1000_ACCTCCAA_merged_2500000.txt,60,8,1,51,0.15
CLONES_TRBTLML_7_/CLONES_TRBTLML_7_AL_4W_TCR-J_Dep_TCR-V_genomic_1000_ACACAGAA_merged_2500000.txt,1734,367,40,1327,0.234717416
CLONES_TRBTLML_7_/CLONES_TRBTLML_7_AL_apheresis_TCR-J_Dep_TCR-V_genomic_1000_AAGGTACA_merged_2500000.txt,2428,492,45,1891,0.221169687
CLONES_TRBTLML_7_/CLONES_TRBTLML_7_AL_infusion_TCR-J_Dep_TCR-V_genomic_1000_AAGACGGA_merged_2500000.txt,1579,311,40,1228,0.22229259