"filename","total","out_of_frame","stopcodon","productive"
"CLONES_TRBTLDC_1_/CLONES_TRB17_02_TLDC-001-VM-4W_TCR-J_D_TCR-V_cfDNA_252_AGTGGTCA_merged_1000000.txt",371,75,10,286
"CLONES_TRBTLDC_1_/CLONES_TRB17_02_TLDC-001-VM-BL_TCR-J_D_TCR-V_cfDNA_69_ATGCCTAA_merged_1000000.txt",25,1,0,24
"CLONES_TRBTLML_16/CLONES_TRB17_02_TLML-016-MT-4W_TCR-J_D_TCR-V_cfDNA_342_ACAGATTC_merged_1000000.txt",47,11,2,34
"CLONES_TRBTLML_16/CLONES_TRB17_02_TLML-016-MT-BL_TCR-J_D_TCR-V_cfDNA_132_ACACGACC_merged_1000000.txt",28,4,0,24
"CLONES_TRBTLML_20/CLONES_TRB17_02_TLML-020-TB-4W_TCR-J_D_TCR-V_cfDNA_263_AATGTTGC_merged_1000000.txt",270,54,3,213
"CLONES_TRBTLML_20/CLONES_TRB17_02_TLML-020-TB-BL_TCR-J_D_TCR-V_cfDNA_74_AATCCGTC_merged_1000000.txt",30,7,0,23
"CLONES_TRBTLML_22/CLONES_TRB17_02_TLML-022-PJ-4W_TCR-J_D_TCR-V_cfDNA_690_AAGGACAC_merged_1000000.txt",260,57,2,201
"CLONES_TRBTLML_22/CLONES_TRB17_02_TLML-022-PJ-BL_TCR-J_D_TCR-V_cfDNA_882_AAGAGATC_merged_1000000.txt",115,13,1,101
"CLONES_TRBTLML_26/CLONES_TRB17_02_TLML-019-FT-4W_TCR-J_D_TCR-V_cfDNA_48_AGCACCTC_merged_1000000.txt",60,12,3,45
"CLONES_TRBTLML_26/CLONES_TRB17_02_TLML-019-FT-BL_TCR-J_D_TCR-V_cfDNA_66_AGATGTAC_merged_1000000.txt",54,14,0,40
"CLONES_TRBTLML_29/CLONES_TRB17_02_TLML-029-JC-4W_TCR-J_D_TCR-V_cfDNA_600_AGGCTAAC_merged_1000000.txt",51,7,0,44
"CLONES_TRBTLML_29/CLONES_TRB17_02_TLML-029-JC-BL_TCR-J_D_TCR-V_cfDNA_138_AGCCATGC_merged_1000000.txt",30,5,0,25
"CLONES_TRBTLML_4_/CLONES_TRB17_02_TLML-004-JR-4W_TCR-J_D_TCR-V_cfDNA_150_AACTCACC_merged_1000000.txt",247,54,4,189
"CLONES_TRBTLML_4_/CLONES_TRB17_02_TLML-004-JR-BL_TCR-J_D_TCR-V_cfDNA_150_TTCACGCA_merged_1000000.txt",23,1,1,21
