Average number of reads per clonotype,"Reads pre-clustered due to the similar VJC-lists, percent of used","Reads used in clonotypes, percent of total",Reads dropped with low quality clones,"Mapped low quality reads, percent of used","Reads used in clonotypes before clustering, percent of total",TRD chains,IGH chains,Final clonotype count,Input file(s),Output file(s),TRB chains,TRA chains,Version,"Number of reads used as a core, percent of used",Clonotypes dropped as low quality,Reads dropped due to the lack of a clone sequence,Clonotypes eliminated by PCR error correction,Reads dropped due to failed mapping,IGK chains,Reads dropped due to low quality,"Reads clustered in PCR error correction, percent of used",TRG chains,IGL chains,Clonotypes pre-clustered due to the similar VJC-lists,SampleID
1.64,0,4995,0,79,5004,0,0,3055,16_08_TLML-001-AT_A_B_genomic_ACCTCCAA_S21_2500000extended_.vdjca, /mnt/work1/users/pughlab/projects/TLML/downsampling/dna/16_08_TLML-001-AT_A_B_genomic_ACCTCCAA_S21_2500000.clns,0,0," 2.1.12,repseqio.v1.5",4925,0,244688,8,1642,0,0,9,0,0,0,TLML1gDNA_BL
19.13,0,37336,0,931,39996,0,0,1952,16_08_TLML-001-AT_C2D1_B_genomic_ACGCTCGA_S22_2500000extended_.vdjca, /mnt/work1/users/pughlab/projects/TLML/downsampling/dna/16_08_TLML-001-AT_C2D1_B_genomic_ACGCTCGA_S22_2500000.clns,0,0," 2.1.12,repseqio.v1.5",39065,0,146743,424,1542,0,12,2660,0,0,0,TLML1gDNA_C2D1
9.79,0,11884,0,379,12569,0,0,1214,16_08_TLML-001-AT_C2D4_B_genomic_ACTATGCA_S23_2500000extended_.vdjca, /mnt/work1/users/pughlab/projects/TLML/downsampling/dna/16_08_TLML-001-AT_C2D4_B_genomic_ACTATGCA_S23_2500000.clns,0,0," 2.1.12,repseqio.v1.5",12190,0,224221,171,756,0,5,685,0,0,0,TLML1gDNA_C2D4
3.09,0,10624,0,262,10787,0,0,3435,16_08_TLML-001-AT_FU-01_B_genomic_AGAGTCAA_S24_2500000extended_.vdjca, /mnt/work1/users/pughlab/projects/TLML/downsampling/dna/16_08_TLML-001-AT_FU-01_B_genomic_AGAGTCAA_S24_2500000.clns,0,0," 2.1.12,repseqio.v1.5",10525,0,239499,109,1820,0,3,163,0,0,0,TLML1gDNA_F1
2.12,0,11620,0,241,11677,0,0,5474,16_08_TLML-001-AT_FU-011_B_genomic_CAATGGAA_S31_2500000extended_.vdjca, /mnt/work1/users/pughlab/projects/TLML/downsampling/dna/16_08_TLML-001-AT_FU-011_B_genomic_CAATGGAA_S31_2500000.clns,0,0," 2.1.12,repseqio.v1.5",11436,0,227678,54,3042,0,6,57,0,0,0,TLML1gDNA_F11
2.26,0,9100,0,218,9142,0,0,4023,16_08_TLML-001-AT_FU-014_B_genomic_CACTTCGA_S32_2500000extended_.vdjca, /mnt/work1/users/pughlab/projects/TLML/downsampling/dna/16_08_TLML-001-AT_FU-014_B_genomic_CACTTCGA_S32_2500000.clns,0,0," 2.1.12,repseqio.v1.5",8924,0,232971,40,2270,0,2,42,0,0,0,TLML1gDNA_F14
2.54,0,13187,0,250,13342,0,0,5201,16_08_TLML-001-AT_FU-02_B_DNA_AGATCGCA_S25_2500000extended_.vdjca, /mnt/work1/users/pughlab/projects/TLML/downsampling/dna/16_08_TLML-001-AT_FU-02_B_DNA_AGATCGCA_S25_2500000.clns,0,0," 2.1.12,repseqio.v1.5",13092,0,271248,98,2720,0,5,155,0,0,0,TLML1gDNA_F2
1.99,0,5736,0,118,5751,0,0,2883,16_08_TLML-001-AT_FU-03_B_DNA_AGCAGGAA_S26_2500000extended_.vdjca, /mnt/work1/users/pughlab/projects/TLML/downsampling/dna/16_08_TLML-001-AT_FU-03_B_DNA_AGCAGGAA_S26_2500000.clns,0,0," 2.1.12,repseqio.v1.5",5633,0,293152,15,1936,0,1,15,0,0,0,TLML1gDNA_F3
2.39,0,12370,0,277,12476,0,0,5172,16_08_TLML-001-AT_FU-04_B_DNA_AGTCACTA_S27_2500000extended_.vdjca, /mnt/work1/users/pughlab/projects/TLML/downsampling/dna/16_08_TLML-001-AT_FU-04_B_DNA_AGTCACTA_S27_2500000.clns,0,0," 2.1.12,repseqio.v1.5",12199,0,281494,95,2758,0,6,106,0,0,0,TLML1gDNA_F4
2.48,0,13270,0,253,13398,0,0,5357,16_08_TLML-001-AT_FU-05_B_DNA_ATTGAGGA_S28_2500000extended_.vdjca, /mnt/work1/users/pughlab/projects/TLML/downsampling/dna/16_08_TLML-001-AT_FU-05_B_DNA_ATTGAGGA_S28_2500000.clns,0,0," 2.1.12,repseqio.v1.5",13145,0,293174,113,2926,0,3,128,0,0,0,TLML1gDNA_F5
2.41,0,11942,0,256,12026,0,0,4959,16_08_TLML-001-AT_FU-06_B_DNA_CAACCACA_S29_2500000extended_.vdjca, /mnt/work1/users/pughlab/projects/TLML/downsampling/dna/16_08_TLML-001-AT_FU-06_B_DNA_CAACCACA_S29_2500000.clns,0,0," 2.1.12,repseqio.v1.5",11770,0,291359,74,2638,0,3,84,0,0,0,TLML1gDNA_F6
2.67,0,5141,0,113,5146,0,0,1927,16_08_TLML-001-AT_FU-08_B_DNA_GACTAGTA_S30_2500000extended_.vdjca, /mnt/work1/users/pughlab/projects/TLML/downsampling/dna/16_08_TLML-001-AT_FU-08_B_DNA_GACTAGTA_S30_2500000.clns,0,0," 2.1.12,repseqio.v1.5",5033,0,241697,5,1010,0,2,5,0,0,0,TLML1gDNA_F8
17.09,0,38034,0,1051,40448,0,0,2225,16_08_TLML-001-AT_Infusion_L_DNA_ACAGCAGA_S20_2500000extended_.vdjca, /mnt/work1/users/pughlab/projects/TLML/downsampling/dna/16_08_TLML-001-AT_Infusion_L_DNA_ACAGCAGA_S20_2500000.clns,0,0," 2.1.12,repseqio.v1.5",39397,0,152642,477,1753,0,10,2414,0,0,0,TLML1gDNA_TIL
3.21,0,10903,0,244,11012,0,0,3395,16_08_TLML-026-FT_4W_B_genomic_CCGTGAGA_S37_2500000extended_.vdjca, /mnt/work1/users/pughlab/projects/TLML/downsampling/dna/16_08_TLML-026-FT_4W_B_genomic_CCGTGAGA_S37_2500000.clns,0,0," 2.1.12,repseqio.v1.5",10768,0,273108,93,1776,0,1,109,0,0,0,TLML26gDNA_4W
1.91,0,6046,0,82,6065,0,0,3172,16_08_TLML-026-FT_A_B_genomic_CATACCAA_S34_2500000extended_.vdjca, /mnt/work1/users/pughlab/projects/TLML/downsampling/dna/16_08_TLML-026-FT_A_B_genomic_CATACCAA_S34_2500000.clns,0,0," 2.1.12,repseqio.v1.5",5983,0,255269,17,1707,0,1,19,0,0,0,TLML26gDNA_BL
3.63,0,34113,0,848,34657,0,0,9390,16_08_TLML-026-FT_BL_B_genomic_CCAGTTCA_S35_2500000extended_.vdjca, /mnt/work1/users/pughlab/projects/TLML/downsampling/dna/16_08_TLML-026-FT_BL_B_genomic_CCAGTTCA_S35_2500000.clns,0,0," 2.1.12,repseqio.v1.5",33809,0,235742,423,5003,0,13,544,0,0,0,TLML26gDNA_BL2
3.39,0,16494,0,377,16737,0,0,4870,16_08_TLML-026-FT_C2D4_B_genomic_CCGAAGTA_S36_2500000extended_.vdjca, /mnt/work1/users/pughlab/projects/TLML/downsampling/dna/16_08_TLML-026-FT_C2D4_B_genomic_CCGAAGTA_S36_2500000.clns,0,0," 2.1.12,repseqio.v1.5",16360,0,296127,170,2309,0,8,243,0,0,0,TLML26gDNA_C2D4
3.82,0,11268,0,275,11496,0,0,2946,16_08_TLML-026-FT_FU-01_B_genomic_CGAACTTA_S38_2500000extended_.vdjca, /mnt/work1/users/pughlab/projects/TLML/downsampling/dna/16_08_TLML-026-FT_FU-01_B_genomic_CGAACTTA_S38_2500000.clns,0,0," 2.1.12,repseqio.v1.5",11221,0,299819,129,1733,0,3,228,0,0,0,TLML26gDNA_F1
2.94,0,4795,0,76,4854,0,0,1633,16_08_TLML-026-FT_FU-02_B_genomic_CGACTGGA_S39_2500000extended_.vdjca, /mnt/work1/users/pughlab/projects/TLML/downsampling/dna/16_08_TLML-026-FT_FU-02_B_genomic_CGACTGGA_S39_2500000.clns,0,0," 2.1.12,repseqio.v1.5",4778,0,312386,36,816,0,0,59,0,0,0,TLML26gDNA_F2
3.17,0,25661,0,650,26022,0,0,8085,16_08_TLML-026-FT_Infusion_L_genomic_CAGCGTTA_S33_2500000extended_.vdjca, /mnt/work1/users/pughlab/projects/TLML/downsampling/dna/16_08_TLML-026-FT_Infusion_L_genomic_CAGCGTTA_S33_2500000.clns,0,0," 2.1.12,repseqio.v1.5",25372,0,197981,300,4214,0,2,361,0,0,0,TLML26gDNA_TIL
6.2,0,11048,0,443,11074,0,0,1782,17_02_TLDC-001-VM-4W_TCR-J_D_TCR-V_cfDNA_252_AGTGGTCA_merged_1000000extended_.vdjca, /mnt/work1/users/pughlab/projects/TLML/downsampling/cfdna/17_02_TLDC-001-VM-4W_TCR-J_D_TCR-V_cfDNA_252_AGTGGTCA_merged_1000000.clns,0,0," 2.1.12,repseqio.v1.5",10631,0,922741,24,1553,0,6,26,0,0,0,TLDC1cfDNA_4W
8.35,0,1160,0,39,1161,0,0,139,17_02_TLDC-001-VM-BL_TCR-J_D_TCR-V_cfDNA_69_ATGCCTAA_merged_1000000extended_.vdjca, /mnt/work1/users/pughlab/projects/TLML/downsampling/cfdna/17_02_TLDC-001-VM-BL_TCR-J_D_TCR-V_cfDNA_69_ATGCCTAA_merged_1000000.clns,0,0," 2.1.12,repseqio.v1.5",1122,0,931298,1,161,0,0,1,0,0,0,TLDC1cfDNA_BL
19.53,0,21447,0,1078,21605,0,0,1098,17_02_TLML-004-JR-4W_TCR-J_D_TCR-V_cfDNA_150_AACTCACC_merged_1000000extended_.vdjca, /mnt/work1/users/pughlab/projects/TLML/downsampling/cfdna/17_02_TLML-004-JR-4W_TCR-J_D_TCR-V_cfDNA_150_AACTCACC_merged_1000000.clns,0,0," 2.1.12,repseqio.v1.5",20527,0,903788,110,1653,0,5,158,0,0,0,TLML4cfDNA_4W
3.66,0,541,0,19,541,0,0,148,17_02_TLML-004-JR-BL_TCR-J_D_TCR-V_cfDNA_150_TTCACGCA_merged_1000000extended_.vdjca, /mnt/work1/users/pughlab/projects/TLML/downsampling/cfdna/17_02_TLML-004-JR-BL_TCR-J_D_TCR-V_cfDNA_150_TTCACGCA_merged_1000000.clns,0,0," 2.1.12,repseqio.v1.5",522,0,937560,0,153,0,1,0,0,0,0,TLML4cfDNA_BL
4.32,0,980,0,36,982,0,0,227,17_02_TLML-016-MT-4W_TCR-J_D_TCR-V_cfDNA_342_ACAGATTC_merged_1000000extended_.vdjca, /mnt/work1/users/pughlab/projects/TLML/downsampling/cfdna/17_02_TLML-016-MT-4W_TCR-J_D_TCR-V_cfDNA_342_ACAGATTC_merged_1000000.clns,0,0," 2.1.12,repseqio.v1.5",946,0,923142,2,265,0,0,2,0,0,0,TLML16cfDNA_4W
3.21,0,581,0,12,581,0,0,181,17_02_TLML-016-MT-BL_TCR-J_D_TCR-V_cfDNA_132_ACACGACC_merged_1000000extended_.vdjca, /mnt/work1/users/pughlab/projects/TLML/downsampling/cfdna/17_02_TLML-016-MT-BL_TCR-J_D_TCR-V_cfDNA_132_ACACGACC_merged_1000000.clns,0,0," 2.1.12,repseqio.v1.5",569,0,935835,0,144,0,0,0,0,0,0,TLML16cfDNA_BL
27.22,0,62199,0,2254,62747,0,0,2285,17_02_TLML-019-FT-4W_TCR-J_D_TCR-V_cDNA_88_TCTTCACA_merged_170000extended_.vdjca, /mnt/work1/users/pughlab/projects/TLML/downsampling/cdna/17_02_TLML-019-FT-4W_TCR-J_D_TCR-V_cDNA_88_TCTTCACA_merged_170000.clns,0,0," 2.1.12,repseqio.v1.5",60493,0,88772,432,2377,0,15,548,0,0,0,TLML26cDNA_4W
9.65,0,2964,0,132,2969,0,0,307,17_02_TLML-019-FT-4W_TCR-J_D_TCR-V_cfDNA_48_AGCACCTC_merged_1000000extended_.vdjca, /mnt/work1/users/pughlab/projects/TLML/downsampling/cfdna/17_02_TLML-019-FT-4W_TCR-J_D_TCR-V_cfDNA_48_AGCACCTC_merged_1000000.clns,0,0," 2.1.12,repseqio.v1.5",2837,0,918897,4,428,0,1,5,0,0,0,TLML26cfDNA_4W
4.03,0,57202,0,1720,57256,0,0,14206,17_02_TLML-019-FT-BL_TCR-J_D_TCR-V_cDNA_31_TCCGTCTA_merged_170000extended_.vdjca, /mnt/work1/users/pughlab/projects/TLML/downsampling/cdna/17_02_TLML-019-FT-BL_TCR-J_D_TCR-V_cDNA_31_TCCGTCTA_merged_170000.clns,0,0," 2.1.12,repseqio.v1.5",55536,0,90947,40,7956,0,13,54,0,0,0,TLML26cDNA_BL
10.8,0,2787,0,146,2791,0,0,258,17_02_TLML-019-FT-BL_TCR-J_D_TCR-V_cfDNA_66_AGATGTAC_merged_1000000extended_.vdjca, /mnt/work1/users/pughlab/projects/TLML/downsampling/cfdna/17_02_TLML-019-FT-BL_TCR-J_D_TCR-V_cfDNA_66_AGATGTAC_merged_1000000.clns,0,0," 2.1.12,repseqio.v1.5",2645,0,917008,4,372,0,2,4,0,0,0,TLML26cfDNA_BL
17.23,0,21859,0,1134,22025,0,0,1269,17_02_TLML-020-TB-4W_TCR-J_D_TCR-V_cfDNA_263_AATGTTGC_merged_1000000extended_.vdjca, /mnt/work1/users/pughlab/projects/TLML/downsampling/cfdna/17_02_TLML-020-TB-4W_TCR-J_D_TCR-V_cfDNA_263_AATGTTGC_merged_1000000.clns,0,0," 2.1.12,repseqio.v1.5",20891,0,909385,107,1683,0,5,166,0,0,0,TLML20cfDNA_4W
6.13,0,803,0,25,803,0,0,131,17_02_TLML-020-TB-BL_TCR-J_D_TCR-V_cfDNA_74_AATCCGTC_merged_1000000extended_.vdjca, /mnt/work1/users/pughlab/projects/TLML/downsampling/cfdna/17_02_TLML-020-TB-BL_TCR-J_D_TCR-V_cfDNA_74_AATCCGTC_merged_1000000.clns,0,0," 2.1.12,repseqio.v1.5",778,0,923968,0,128,0,0,0,0,0,0,TLML20cfDNA_BL
7.74,0,9533,0,503,9582,0,0,1232,17_02_TLML-022-PJ-4W_TCR-J_D_TCR-V_cfDNA_690_AAGGACAC_merged_1000000extended_.vdjca, /mnt/work1/users/pughlab/projects/TLML/downsampling/cfdna/17_02_TLML-022-PJ-4W_TCR-J_D_TCR-V_cfDNA_690_AAGGACAC_merged_1000000.clns,0,0," 2.1.12,repseqio.v1.5",9079,0,919284,39,1562,0,3,49,0,0,0,TLML22cfDNA_4W
2.67,0,1811,0,76,1811,0,0,678,17_02_TLML-022-PJ-BL_TCR-J_D_TCR-V_cfDNA_882_AAGAGATC_merged_1000000extended_.vdjca, /mnt/work1/users/pughlab/projects/TLML/downsampling/cfdna/17_02_TLML-022-PJ-BL_TCR-J_D_TCR-V_cfDNA_882_AAGAGATC_merged_1000000.clns,0,0," 2.1.12,repseqio.v1.5",1735,0,923294,0,559,0,0,0,0,0,0,TLML22cfDNA_BL
3.68,0,1105,0,43,1105,0,0,300,17_02_TLML-029-JC-4W_TCR-J_D_TCR-V_cfDNA_600_AGGCTAAC_merged_1000000extended_.vdjca, /mnt/work1/users/pughlab/projects/TLML/downsampling/cfdna/17_02_TLML-029-JC-4W_TCR-J_D_TCR-V_cfDNA_600_AGGCTAAC_merged_1000000.clns,0,0," 2.1.12,repseqio.v1.5",1062,0,936127,0,259,0,0,0,0,0,0,TLML29cfDNA_4W
6.72,0,746,0,26,747,0,0,111,17_02_TLML-029-JC-BL_TCR-J_D_TCR-V_cfDNA_138_AGCCATGC_merged_1000000extended_.vdjca, /mnt/work1/users/pughlab/projects/TLML/downsampling/cfdna/17_02_TLML-029-JC-BL_TCR-J_D_TCR-V_cfDNA_138_AGCCATGC_merged_1000000.clns,0,0," 2.1.12,repseqio.v1.5",721,0,913200,1,77,0,0,1,0,0,0,TLML29cfDNA_BL
51.93,0,301038,0,10947,302992,0,0,5797,TLDC_1_VM_4W_TCR-J_Dep_TCR-V_genomic_1000_ATGCCTAA_merged_2500000extended_.vdjca, /mnt/work1/users/pughlab/projects/TLML/downsampling/dna/TLDC_1_VM_4W_TCR-J_Dep_TCR-V_genomic_1000_ATGCCTAA_merged_2500000.clns,0,0," 2.1.12,repseqio.v1.5",292045,0,591172,1359,11954,0,63,1954,0,0,0,TLDC1gDNA_4W
7.33,0,56292,0,1607,56661,0,0,7678,TLDC_1_VM_4W_TCR-JV_cDNA_20_GAGCTGAA_merged_170000extended_.vdjca, /mnt/work1/users/pughlab/projects/TLML/downsampling/cdna/TLDC_1_VM_4W_TCR-JV_cDNA_20_GAGCTGAA_merged_170000.clns,0,0," 2.1.12,repseqio.v1.5",55054,0,52093,226,3462,0,6,369,0,0,0,TLDC1cDNA_4W
69.18,0,397945,0,14094,402660,0,0,5752,TLDC_1_VM_baseline_TCR-J_Dep_TCR-V_genomic_1000_AAACATCG_merged_2500000extended_.vdjca, /mnt/work1/users/pughlab/projects/TLML/downsampling/dna/TLDC_1_VM_baseline_TCR-J_Dep_TCR-V_genomic_1000_AAACATCG_merged_2500000.clns,0,0," 2.1.12,repseqio.v1.5",388566,0,570573,1791,12532,0,89,4715,0,0,0,TLDC1gDNA_BL
4.06,0,50968,0,1196,51492,0,0,12542,TLDC_1_VM_baseline_TCR-JV_cDNA_13_CAAGACTA_merged_170000extended_.vdjca, /mnt/work1/users/pughlab/projects/TLML/downsampling/cdna/TLDC_1_VM_baseline_TCR-JV_cDNA_13_CAAGACTA_merged_170000.clns,0,0," 2.1.12,repseqio.v1.5",50296,0,60318,353,6386,0,7,524,0,0,0,TLDC1cDNA_BL
386.2,0,769303,0,21047,793468,0,0,1992,TLDC_1_VM_infusion_TCR-J_Dep_TCR-V_genomic_1000_AACGTGAT_merged_2500000extended_.vdjca, /mnt/work1/users/pughlab/projects/TLML/downsampling/dna/TLDC_1_VM_infusion_TCR-J_Dep_TCR-V_genomic_1000_AACGTGAT_merged_2500000.clns,0,0," 2.1.12,repseqio.v1.5",772421,0,544439,2563,13226,0,146,24165,0,0,0,TLDC1gDNA_TIL
39.5,0,73114,0,2060,75179,0,0,1851,TLDC_1_VM_infusion_TCR-JV_cDNA_27_GAATCTGA_merged_170000extended_.vdjca, /mnt/work1/users/pughlab/projects/TLML/downsampling/cdna/TLDC_1_VM_infusion_TCR-JV_cDNA_27_GAATCTGA_merged_170000.clns,0,0," 2.1.12,repseqio.v1.5",73119,0,43679,616,1783,0,9,2065,0,0,0,TLDC1cDNA_TIL
66.09,0,247063,0,8878,249655,0,0,3738,TLML_1_AT_4W_TCR-J_Dep_TCR-V_genomic_1000_AGTGGTCA_merged_2500000extended_.vdjca, /mnt/work1/users/pughlab/projects/TLML/downsampling/dna/TLML_1_AT_4W_TCR-J_Dep_TCR-V_genomic_1000_AGTGGTCA_merged_2500000.clns,0,0," 2.1.12,repseqio.v1.5",240777,0,590624,1144,7621,0,46,2592,0,0,0,TLML1gDNA_4W
7.59,0,63399,0,1710,63872,0,0,8354,TLML_1_AT_4W_TCR-JV_cDNA_69_GATAGACA_merged_170000extended_.vdjca, /mnt/work1/users/pughlab/projects/TLML/downsampling/cdna/TLML_1_AT_4W_TCR-JV_cDNA_69_GATAGACA_merged_170000.clns,0,0," 2.1.12,repseqio.v1.5",62162,0,49129,239,3723,0,4,473,0,0,0,TLML1cDNA_4W
37.83,0,280448,0,9861,282112,0,0,7413,TLML_1_AT_FU10_TCR-J_Dep_TCR-V_genomic_1000_CAGATCTG_merged_2500000extended_.vdjca, /mnt/work1/users/pughlab/projects/TLML/downsampling/dna/TLML_1_AT_FU10_TCR-J_Dep_TCR-V_genomic_1000_CAGATCTG_merged_2500000.clns,0,0," 2.1.12,repseqio.v1.5",272251,0,575765,1183,11027,0,61,1664,0,0,0,TLML1gDNA_F10
2.96,0,35856,0,808,36031,0,0,12106,TLML_1_AT_FU10_TCR-JV_cDNA_33_GCTAACGA_merged_170000extended_.vdjca, /mnt/work1/users/pughlab/projects/TLML/downsampling/cdna/TLML_1_AT_FU10_TCR-JV_cDNA_33_GCTAACGA_merged_170000.clns,0,0," 2.1.12,repseqio.v1.5",35223,0,53530,140,5879,0,3,175,0,0,0,TLML1cDNA_F10
47.75,0,277897,0,9583,279508,0,0,5820,TLML_1_AT_FU12_TCR-J_Dep_TCR-V_genomic_1000_CATCAAGT_merged_2500000extended_.vdjca, /mnt/work1/users/pughlab/projects/TLML/downsampling/dna/TLML_1_AT_FU12_TCR-J_Dep_TCR-V_genomic_1000_CATCAAGT_merged_2500000.clns,0,0," 2.1.12,repseqio.v1.5",269925,0,575870,1254,9981,0,53,1611,0,0,0,TLML1gDNA_F12
6.13,0,48462,0,1183,48621,0,0,7901,TLML_1_AT_FU12_TCR-JV_cDNA_24_GCTCGGTA_merged_170000extended_.vdjca, /mnt/work1/users/pughlab/projects/TLML/downsampling/cdna/TLML_1_AT_FU12_TCR-JV_cDNA_24_GCTCGGTA_merged_170000.clns,0,0," 2.1.12,repseqio.v1.5",47438,0,64388,112,3329,0,7,159,0,0,0,TLML1cDNA_F12
38.83,0,304262,0,10842,306011,0,0,7835,TLML_1_AT_FU13_TCR-J_Dep_TCR-V_genomic_1000_CGCTGATC_merged_2500000extended_.vdjca, /mnt/work1/users/pughlab/projects/TLML/downsampling/dna/TLML_1_AT_FU13_TCR-J_Dep_TCR-V_genomic_1000_CGCTGATC_merged_2500000.clns,0,0," 2.1.12,repseqio.v1.5",295169,0,579004,1222,12138,0,47,1749,0,0,0,TLML1gDNA_F13
3.37,0,49464,0,1085,49689,0,0,14657,TLML_1_AT_FU13_TCR-JV_cDNA_21_GGAGAACA_merged_170000extended_.vdjca, /mnt/work1/users/pughlab/projects/TLML/downsampling/cdna/TLML_1_AT_FU13_TCR-JV_cDNA_21_GGAGAACA_merged_170000.clns,0,0," 2.1.12,repseqio.v1.5",48604,0,61838,170,5771,0,7,225,0,0,0,TLML1cDNA_F13
47.29,0,292773,0,10139,294307,0,0,6191,TLML_1_AT_FU15_TCR-J_Dep_TCR-V_genomic_1000_ACAAGCTA_merged_2500000extended_.vdjca, /mnt/work1/users/pughlab/projects/TLML/downsampling/dna/TLML_1_AT_FU15_TCR-J_Dep_TCR-V_genomic_1000_ACAAGCTA_merged_2500000.clns,0,0," 2.1.12,repseqio.v1.5",284168,0,582403,1266,10538,0,71,1534,0,0,0,TLML1gDNA_F15
43.24,0,160259,0,5684,161107,0,0,3706,TLML_1_AT_FU16_TCR-J_Dep_TCR-V_genomic_1000_CTGTAGCC_merged_2500000extended_.vdjca, /mnt/work1/users/pughlab/projects/TLML/downsampling/dna/TLML_1_AT_FU16_TCR-J_Dep_TCR-V_genomic_1000_CTGTAGCC_merged_2500000.clns,0,0," 2.1.12,repseqio.v1.5",155423,0,597670,744,5932,0,32,848,0,0,0,TLML1gDNA_F16
4.13,0,46766,0,1171,46938,0,0,11310,TLML_1_AT_FU16_TCR-JV_cDNA_13_GTACGCAA_merged_170000extended_.vdjca, /mnt/work1/users/pughlab/projects/TLML/downsampling/cdna/TLML_1_AT_FU16_TCR-JV_cDNA_13_GTACGCAA_merged_170000.clns,0,0," 2.1.12,repseqio.v1.5",45767,0,65243,107,4982,0,10,172,0,0,0,TLML1cDNA_F16
43.57,0,303918,0,10811,305713,0,0,6975,TLML_1_AT_FU7_TCR-J_Dep_TCR-V_genomic_1000_ACCACTGT_merged_2500000extended_.vdjca, /mnt/work1/users/pughlab/projects/TLML/downsampling/dna/TLML_1_AT_FU7_TCR-J_Dep_TCR-V_genomic_1000_ACCACTGT_merged_2500000.clns,0,0," 2.1.12,repseqio.v1.5",294902,0,584315,1317,12654,0,55,1795,0,0,0,TLML1gDNA_F7
2.95,0,53467,0,1155,53728,0,0,18133,TLML_1_AT_FU7_TCR-JV_cDNA_18_GCCACATA_merged_170000extended_.vdjca, /mnt/work1/users/pughlab/projects/TLML/downsampling/cdna/TLML_1_AT_FU7_TCR-JV_cDNA_18_GCCACATA_merged_170000.clns,0,0," 2.1.12,repseqio.v1.5",52573,0,56035,189,8302,0,1,261,0,0,0,TLML1cDNA_F7
43.79,0,174311,0,6617,175277,0,0,3981,TLML_1_AT_FU9_TCR-J_Dep_TCR-V_genomic_1000_ACATTGGC_merged_2500000extended_.vdjca, /mnt/work1/users/pughlab/projects/TLML/downsampling/dna/TLML_1_AT_FU9_TCR-J_Dep_TCR-V_genomic_1000_ACATTGGC_merged_2500000.clns,0,0," 2.1.12,repseqio.v1.5",168660,0,586652,715,6601,0,26,966,0,0,0,TLML1gDNA_F9
64.71,0,72605,0,2570,73258,0,0,1122,TLML_16_MT_4W_TCR-J_Dep_TCR-V_genomic_1000_ACTATGCA_merged_2500000extended_.vdjca, /mnt/work1/users/pughlab/projects/TLML/downsampling/dna/TLML_16_MT_4W_TCR-J_Dep_TCR-V_genomic_1000_ACTATGCA_merged_2500000.clns,0,0," 2.1.12,repseqio.v1.5",70688,0,591415,298,2438,0,17,653,0,0,0,TLML16gDNA_4W
38.81,0,319330,0,11081,321049,0,0,8227,TLML_16_MT_baseline_TCR-J_Dep_TCR-V_genomic_1000_ACGTATCA_merged_2500000extended_.vdjca, /mnt/work1/users/pughlab/projects/TLML/downsampling/dna/TLML_16_MT_baseline_TCR-J_Dep_TCR-V_genomic_1000_ACGTATCA_merged_2500000.clns,0,0," 2.1.12,repseqio.v1.5",309968,0,581623,1319,13927,0,54,1719,0,0,0,TLML16gDNA_BL
2.99,0,52014,0,1076,52147,0,0,17389,TLML_16_MT_baseline_TCR-JV_cDNA_19_TGGTGGTA_merged_170000extended_.vdjca, /mnt/work1/users/pughlab/projects/TLML/downsampling/cdna/TLML_16_MT_baseline_TCR-JV_cDNA_19_TGGTGGTA_merged_170000.clns,0,0," 2.1.12,repseqio.v1.5",51071,0,57193,96,6785,0,9,133,0,0,0,TLML16cDNA_BL
114.52,0,202930,0,6850,206334,0,0,1772,TLML_16_MT_FU1_TCR-J_Dep_TCR-V_genomic_1000_AGAGTCAA_merged_2500000extended_.vdjca, /mnt/work1/users/pughlab/projects/TLML/downsampling/dna/TLML_16_MT_FU1_TCR-J_Dep_TCR-V_genomic_1000_AGAGTCAA_merged_2500000.clns,0,0," 2.1.12,repseqio.v1.5",199484,0,586638,864,5308,0,43,3404,0,0,0,TLML16gDNA_F1
12.9,0,57788,0,1488,59016,0,0,4481,TLML_16_MT_FU1_TCR-JV_cDNA_20_AACTCACC_merged_170000extended_.vdjca, /mnt/work1/users/pughlab/projects/TLML/downsampling/cdna/TLML_16_MT_FU1_TCR-JV_cDNA_20_AACTCACC_merged_170000.clns,0,0," 2.1.12,repseqio.v1.5",57528,0,53343,461,2093,0,9,1228,0,0,0,TLML16cDNA_F1
72.02,0,102626,0,3688,103589,0,0,1425,TLML_16_MT_FU2_TCR-J_Dep_TCR-V_genomic_1000_AGATCGCA_merged_2500000extended_.vdjca, /mnt/work1/users/pughlab/projects/TLML/downsampling/dna/TLML_16_MT_FU2_TCR-J_Dep_TCR-V_genomic_1000_AGATCGCA_merged_2500000.clns,0,0," 2.1.12,repseqio.v1.5",99901,0,586048,451,3415,0,24,963,0,0,0,TLML16gDNA_F2
15.28,0,40321,0,1027,40758,0,0,2638,TLML_16_MT_FU2_TCR-JV_cDNA_28_AAGAGATC_merged_170000extended_.vdjca, /mnt/work1/users/pughlab/projects/TLML/downsampling/cdna/TLML_16_MT_FU2_TCR-JV_cDNA_28_AAGAGATC_merged_170000.clns,0,0," 2.1.12,repseqio.v1.5",39731,0,67656,208,1178,0,9,437,0,0,0,TLML16cDNA_F2
45.15,0,64160,0,2437,64554,0,0,1421,TLML_16_MT_FU3_TCR-J_Dep_TCR-V_genomic_1000_AGCAGGAA_merged_2500000extended_.vdjca, /mnt/work1/users/pughlab/projects/TLML/downsampling/dna/TLML_16_MT_FU3_TCR-J_Dep_TCR-V_genomic_1000_AGCAGGAA_merged_2500000.clns,0,0," 2.1.12,repseqio.v1.5",62117,0,601238,278,3010,0,8,394,0,0,0,TLML16gDNA_F3
14.77,0,39268,0,1179,39624,0,0,2659,TLML_16_MT_FU3_TCR-JV_cDNA_20_AAGGACAC_merged_170000extended_.vdjca, /mnt/work1/users/pughlab/projects/TLML/downsampling/cdna/TLML_16_MT_FU3_TCR-JV_cDNA_20_AAGGACAC_merged_170000.clns,0,0," 2.1.12,repseqio.v1.5",38445,0,72624,180,1277,0,2,356,0,0,0,TLML16cDNA_F3
52.03,0,112232,0,3940,112956,0,0,2157,TLML_16_MT_FU4_TCR-J_Dep_TCR-V_genomic_1000_AGTCACTA_merged_2500000extended_.vdjca, /mnt/work1/users/pughlab/projects/TLML/downsampling/dna/TLML_16_MT_FU4_TCR-J_Dep_TCR-V_genomic_1000_AGTCACTA_merged_2500000.clns,0,0," 2.1.12,repseqio.v1.5",109016,0,597862,547,3742,0,20,724,0,0,0,TLML16gDNA_F4
14.09,0,45918,0,1162,46368,0,0,3259,TLML_16_MT_FU4_TCR-JV_cDNA_27_AATCCGTC_merged_170000extended_.vdjca, /mnt/work1/users/pughlab/projects/TLML/downsampling/cdna/TLML_16_MT_FU4_TCR-JV_cDNA_27_AATCCGTC_merged_170000.clns,0,0," 2.1.12,repseqio.v1.5",45206,0,64694,246,1389,0,8,450,0,0,0,TLML16cDNA_F4
54.68,0,105318,0,3797,105958,0,0,1926,TLML_16_MT_FU5_TCR-J_Dep_TCR-V_genomic_1000_ATCCTGTA_merged_2500000extended_.vdjca, /mnt/work1/users/pughlab/projects/TLML/downsampling/dna/TLML_16_MT_FU5_TCR-J_Dep_TCR-V_genomic_1000_ATCCTGTA_merged_2500000.clns,0,0," 2.1.12,repseqio.v1.5",102161,0,601907,522,3953,0,27,640,0,0,0,TLML16gDNA_F5
7.82,0,43284,0,1096,43609,0,0,5534,TLML_16_MT_FU5_TCR-JV_cDNA_34_AATGTTGC_merged_170000extended_.vdjca, /mnt/work1/users/pughlab/projects/TLML/downsampling/cdna/TLML_16_MT_FU5_TCR-JV_cDNA_34_AATGTTGC_merged_170000.clns,0,0," 2.1.12,repseqio.v1.5",42513,0,70534,193,2272,0,3,325,0,0,0,TLML16cDNA_F5
221.2,0,868418,0,30981,889501,0,0,3926,TLML_16_MT_infusion_TCR-J_Dep_TCR-V_genomic_1000_ACGCTCGA_merged_2500000extended_.vdjca, /mnt/work1/users/pughlab/projects/TLML/downsampling/dna/TLML_16_MT_infusion_TCR-J_Dep_TCR-V_genomic_1000_ACGCTCGA_merged_2500000.clns,0,0," 2.1.12,repseqio.v1.5",858520,0,503931,3685,21083,0,202,21083,0,0,0,TLML16gDNA_TIL
20.45,0,72698,0,1912,74293,0,0,3555,TLML_16_MT_infusion_TCR-JV_cDNA_15_TGGCTTCA_merged_170000extended_.vdjca, /mnt/work1/users/pughlab/projects/TLML/downsampling/cdna/TLML_16_MT_infusion_TCR-JV_cDNA_15_TGGCTTCA_merged_170000.clns,0,0," 2.1.12,repseqio.v1.5",72381,0,41677,776,2434,0,4,1595,0,0,0,TLML16cDNA_TIL
104.49,0,150252,0,5094,151423,0,0,1438,TLML_18_CKN_4W_TCR-J_Dep_TCR-V_genomic_1000_GACTAGTA_merged_2500000extended_.vdjca, /mnt/work1/users/pughlab/projects/TLML/downsampling/dna/TLML_18_CKN_4W_TCR-J_Dep_TCR-V_genomic_1000_GACTAGTA_merged_2500000.clns,0,0," 2.1.12,repseqio.v1.5",146329,0,586482,715,4414,0,15,1171,0,0,0,TLML18gDNA_4W
17.06,0,47354,0,1258,48029,0,0,2775,TLML_18_CKN_4W_TCR-JV_cDNA_34_AGATGTAC_merged_170000extended_.vdjca, /mnt/work1/users/pughlab/projects/TLML/downsampling/cdna/TLML_18_CKN_4W_TCR-JV_cDNA_34_AGATGTAC_merged_170000.clns,0,0," 2.1.12,repseqio.v1.5",46771,0,52817,291,1320,0,4,675,0,0,0,TLML18cDNA_4W
35.54,0,193603,0,6962,194468,0,0,5448,TLML_18_CKN_apheresis_TCR-J_Dep_TCR-V_genomic_1000_CAACCACA_merged_2500000extended_.vdjca, /mnt/work1/users/pughlab/projects/TLML/downsampling/dna/TLML_18_CKN_apheresis_TCR-J_Dep_TCR-V_genomic_1000_CAACCACA_merged_2500000.clns,0,0," 2.1.12,repseqio.v1.5",187506,0,588405,814,8864,0,62,865,0,0,0,TLML18gDNA_BL
3.87,0,52264,0,1138,52299,0,0,13488,TLML_18_CKN_apheresis_TCR-JV_cDNA_57_ACAGATTC_merged_170000extended_.vdjca, /mnt/work1/users/pughlab/projects/TLML/downsampling/cdna/TLML_18_CKN_apheresis_TCR-JV_cDNA_57_ACAGATTC_merged_170000.clns,0,0," 2.1.12,repseqio.v1.5",51161,0,58165,31,4781,0,4,35,0,0,0,TLML18cDNA_BL
425.34,0,869828,0,32051,894489,0,0,2045,TLML_18_CKN_infusion_TCR-J_Dep_TCR-V_genomic_500_ATTGAGGA_merged_2500000extended_.vdjca, /mnt/work1/users/pughlab/projects/TLML/downsampling/dna/TLML_18_CKN_infusion_TCR-J_Dep_TCR-V_genomic_500_ATTGAGGA_merged_2500000.clns,0,0," 2.1.12,repseqio.v1.5",862438,0,518990,3362,20417,0,178,24661,0,0,0,TLML18gDNA_TIL
33.09,0,70179,0,1919,71824,0,0,2121,TLML_18_CKN_infusion_TCR-JV_cDNA_13_ACACGACC_merged_170000extended_.vdjca, /mnt/work1/users/pughlab/projects/TLML/downsampling/cdna/TLML_18_CKN_infusion_TCR-JV_cDNA_13_ACACGACC_merged_170000.clns,0,0," 2.1.12,repseqio.v1.5",69905,0,41848,724,1720,0,6,1645,0,0,0,TLML18cDNA_TIL
193.71,0,794022,0,28720,809600,0,0,4099,TLML_20_TB_4W_TCR-J_Dep_TCR-V_genomic_1000_CAGCGTTA_merged_2500000extended_.vdjca, /mnt/work1/users/pughlab/projects/TLML/downsampling/dna/TLML_20_TB_4W_TCR-J_Dep_TCR-V_genomic_1000_CAGCGTTA_merged_2500000.clns,0,0," 2.1.12,repseqio.v1.5",780880,0,495048,3597,19809,0,176,15578,0,0,0,TLML20gDNA_4W
12.65,0,66168,0,1596,67331,0,0,5232,TLML_20_TB_4W_TCR-JV_cDNA_14_AGGCTAAC_merged_170000extended_.vdjca, /mnt/work1/users/pughlab/projects/TLML/downsampling/cdna/TLML_20_TB_4W_TCR-JV_cDNA_14_AGGCTAAC_merged_170000.clns,0,0," 2.1.12,repseqio.v1.5",65735,0,46688,713,2731,0,11,1163,0,0,0,TLML20cDNA_4W
37.68,0,352282,0,12618,353935,0,0,9350,TLML_20_TB_baseline2_TCR-J_Dep_TCR-V_genomic_1000_CACTTCGA_merged_2500000extended_.vdjca, /mnt/work1/users/pughlab/projects/TLML/downsampling/dna/TLML_20_TB_baseline2_TCR-J_Dep_TCR-V_genomic_1000_CACTTCGA_merged_2500000.clns,0,0," 2.1.12,repseqio.v1.5",341317,0,549887,1484,15243,0,80,1653,0,0,0,TLML20gDNA_BL
3.49,0,53897,0,1210,54006,0,0,15447,TLML_20_TB_baseline2_TCR-JV_cDNA_13_AGCCATGC_merged_170000extended_.vdjca, /mnt/work1/users/pughlab/projects/TLML/downsampling/cdna/TLML_20_TB_baseline2_TCR-JV_cDNA_13_AGCCATGC_merged_170000.clns,0,0," 2.1.12,repseqio.v1.5",52796,0,56745,70,6033,0,5,109,0,0,0,TLML20cDNA_BL
46.5,0,232333,0,8920,233842,0,0,4996,TLML_20_TB_FU1_TCR-J_Dep_TCR-V_genomic_1000_CATACCAA_merged_2500000extended_.vdjca, /mnt/work1/users/pughlab/projects/TLML/downsampling/dna/TLML_20_TB_FU1_TCR-J_Dep_TCR-V_genomic_1000_CATACCAA_merged_2500000.clns,0,0," 2.1.12,repseqio.v1.5",224922,0,556757,970,9877,0,70,1509,0,0,0,TLML20gDNA_F1
5.48,0,49404,0,1166,49624,0,0,9022,TLML_20_TB_FU1_TCR-JV_cDNA_18_ATAGCGAC_merged_170000extended_.vdjca, /mnt/work1/users/pughlab/projects/TLML/downsampling/cdna/TLML_20_TB_FU1_TCR-JV_cDNA_18_ATAGCGAC_merged_170000.clns,0,0," 2.1.12,repseqio.v1.5",48458,0,56869,128,3229,0,7,220,0,0,0,TLML20cDNA_F1
64.63,0,315336,0,11637,317533,0,0,4879,TLML_20_TB_FU2_TCR-J_Dep_TCR-V_genomic_1000_CCAGTTCA_merged_2500000extended_.vdjca, /mnt/work1/users/pughlab/projects/TLML/downsampling/dna/TLML_20_TB_FU2_TCR-J_Dep_TCR-V_genomic_1000_CCAGTTCA_merged_2500000.clns,0,0," 2.1.12,repseqio.v1.5",305896,0,549189,1424,10714,0,56,2197,0,0,0,TLML20gDNA_F2
4.58,0,60927,0,1389,61412,0,0,13290,TLML_20_TB_FU2_TCR-JV_cDNA_25_ATCATTCC_merged_170000extended_.vdjca, /mnt/work1/users/pughlab/projects/TLML/downsampling/cdna/TLML_20_TB_FU2_TCR-JV_cDNA_25_ATCATTCC_merged_170000.clns,0,0," 2.1.12,repseqio.v1.5",60023,0,49293,328,5463,0,8,485,0,0,0,TLML20cDNA_F2
134.62,0,883910,0,30533,898176,0,0,6566,TLML_20_TB_infusion_TCR-J_Dep_TCR-V_genomic_1000_CAATGGAA_merged_2500000extended_.vdjca, /mnt/work1/users/pughlab/projects/TLML/downsampling/dna/TLML_20_TB_infusion_TCR-J_Dep_TCR-V_genomic_1000_CAATGGAA_merged_2500000.clns,0,0," 2.1.12,repseqio.v1.5",867643,0,520056,3961,23035,0,214,14266,0,0,0,TLML20gDNA_TIL
11.09,0,68819,0,1742,70153,0,0,6208,TLML_20_TB_infusion_TCR-JV_cDNA_97_AGCACCTC_merged_170000extended_.vdjca, /mnt/work1/users/pughlab/projects/TLML/downsampling/cdna/TLML_20_TB_infusion_TCR-JV_cDNA_97_AGCACCTC_merged_170000.clns,0,0," 2.1.12,repseqio.v1.5",68411,0,43381,656,3172,0,6,1334,0,0,0,TLML20cDNA_TIL
146.73,0,412468,0,14682,417775,0,0,2811,TLML_22_PJ_4W_TCR-J_Dep_TCR-V_genomic_1000_CCTCCTGA_merged_2500000extended_.vdjca, /mnt/work1/users/pughlab/projects/TLML/downsampling/dna/TLML_22_PJ_4W_TCR-J_Dep_TCR-V_genomic_1000_CCTCCTGA_merged_2500000.clns,0,0," 2.1.12,repseqio.v1.5",403093,0,561963,1950,11186,0,70,5307,0,0,0,TLML22gDNA_4W
21.01,0,64798,0,1657,66000,0,0,3084,TLML_22_PJ_4W_TCR-JV_cDNA_21_CACCTTAC_merged_170000extended_.vdjca, /mnt/work1/users/pughlab/projects/TLML/downsampling/cdna/TLML_22_PJ_4W_TCR-JV_cDNA_21_CACCTTAC_merged_170000.clns,0,0," 2.1.12,repseqio.v1.5",64343,0,46949,443,1523,0,15,1202,0,0,0,TLML22cDNA_4W
42.15,0,92148,0,3366,92576,0,0,2186,TLML_22_PJ_baseline_TCR-J_Dep_TCR-V_genomic_1000_CCGTGAGA_merged_2500000extended_.vdjca, /mnt/work1/users/pughlab/projects/TLML/downsampling/dna/TLML_22_PJ_baseline_TCR-J_Dep_TCR-V_genomic_1000_CCGTGAGA_merged_2500000.clns,0,0," 2.1.12,repseqio.v1.5",89210,0,601157,388,4091,0,30,428,0,0,0,TLML22gDNA_BL
161.23,0,409527,0,13958,415510,0,0,2540,TLML_22_PJ_FU1_TCR-J_Dep_TCR-V_genomic_1000_CGAACTTA_merged_2500000extended_.vdjca, /mnt/work1/users/pughlab/projects/TLML/downsampling/dna/TLML_22_PJ_FU1_TCR-J_Dep_TCR-V_genomic_1000_CGAACTTA_merged_2500000.clns,0,0," 2.1.12,repseqio.v1.5",401552,0,558936,1841,10620,0,116,5983,0,0,0,TLML22gDNA_F1
18.09,0,63854,0,1566,65430,0,0,3530,TLML_22_PJ_FU1_TCR-JV_cDNA_16_CCATCCTC_merged_170000extended_.vdjca, /mnt/work1/users/pughlab/projects/TLML/downsampling/cdna/TLML_22_PJ_FU1_TCR-JV_cDNA_16_CCATCCTC_merged_170000.clns,0,0," 2.1.12,repseqio.v1.5",63864,0,47630,440,1775,0,9,1576,0,0,0,TLML22cDNA_F1
142.52,0,458053,0,16435,464886,0,0,3214,TLML_22_PJ_FU2_TCR-J_Dep_TCR-V_genomic_1000_CGACTGGA_merged_2500000extended_.vdjca, /mnt/work1/users/pughlab/projects/TLML/downsampling/dna/TLML_22_PJ_FU2_TCR-J_Dep_TCR-V_genomic_1000_CGACTGGA_merged_2500000.clns,0,0," 2.1.12,repseqio.v1.5",448451,0,556330,2008,12027,0,94,6833,0,0,0,TLML22gDNA_F2
12.97,0,65867,0,1576,67566,0,0,5080,TLML_22_PJ_FU2_TCR-JV_cDNA_13_CCGACAAC_merged_170000extended_.vdjca, /mnt/work1/users/pughlab/projects/TLML/downsampling/cdna/TLML_22_PJ_FU2_TCR-JV_cDNA_13_CCGACAAC_merged_170000.clns,0,0," 2.1.12,repseqio.v1.5",65990,0,46870,536,2620,0,5,1699,0,0,0,TLML22cDNA_F2
142.67,0,503185,0,20478,510660,0,0,3527,TLML_22_PJ_FU3_TCR-J_Dep_TCR-V_genomic_1000_CGCATACA_merged_2500000extended_.vdjca, /mnt/work1/users/pughlab/projects/TLML/downsampling/dna/TLML_22_PJ_FU3_TCR-J_Dep_TCR-V_genomic_1000_CGCATACA_merged_2500000.clns,0,0," 2.1.12,repseqio.v1.5",490182,0,562381,2082,16241,0,116,7475,0,0,0,TLML22gDNA_F3
12.55,0,64540,0,1478,66091,0,0,5142,TLML_22_PJ_FU3_TCR-JV_cDNA_16_CCTAATCC_merged_170000extended_.vdjca, /mnt/work1/users/pughlab/projects/TLML/downsampling/cdna/TLML_22_PJ_FU3_TCR-JV_cDNA_16_CCTAATCC_merged_170000.clns,0,0," 2.1.12,repseqio.v1.5",64613,0,48040,552,2416,0,9,1551,0,0,0,TLML22cDNA_F3
173.07,0,829879,0,26994,853592,0,0,4795,TLML_22_PJ_infusion_TCR-J_Dep_TCR-V_genomic_1000_CCGAAGTA_merged_2500000extended_.vdjca, /mnt/work1/users/pughlab/projects/TLML/downsampling/dna/TLML_22_PJ_infusion_TCR-J_Dep_TCR-V_genomic_1000_CCGAAGTA_merged_2500000.clns,0,0," 2.1.12,repseqio.v1.5",826598,0,484031,2916,20088,0,154,23713,0,0,0,TLML22gDNA_TIL
12.12,0,70281,0,1642,72332,0,0,5797,TLML_22_PJ_infusion_TCR-JV_cDNA_18_ATTGGCTC_merged_170000extended_.vdjca, /mnt/work1/users/pughlab/projects/TLML/downsampling/cdna/TLML_22_PJ_infusion_TCR-JV_cDNA_18_ATTGGCTC_merged_170000.clns,0,0," 2.1.12,repseqio.v1.5",70690,0,43509,566,2751,0,8,2051,0,0,0,TLML22cDNA_TIL
92.58,0,354499,0,12814,357864,0,0,3829,TLML_29_JC_4W_TCR-J_Dep_TCR-V_genomic_1000_CTGGCATA_merged_2500000extended_.vdjca, /mnt/work1/users/pughlab/projects/TLML/downsampling/dna/TLML_29_JC_4W_TCR-J_Dep_TCR-V_genomic_1000_CTGGCATA_merged_2500000.clns,0,0," 2.1.12,repseqio.v1.5",345050,0,592477,1572,10658,0,60,3365,0,0,0,TLML29gDNA_4W
6.74,0,58168,0,1275,58753,0,0,8626,TLML_29_JC_4W_TCR-JV_cDNA_25_CGGATTGC_merged_170000extended_.vdjca, /mnt/work1/users/pughlab/projects/TLML/downsampling/cdna/TLML_29_JC_4W_TCR-JV_cDNA_25_CGGATTGC_merged_170000.clns,0,0," 2.1.12,repseqio.v1.5",57478,0,50434,310,2649,0,6,585,0,0,0,TLML29cDNA_4W
47.28,0,216895,0,7249,218034,0,0,4587,TLML_29_JC_baseline_TCR-J_Dep_TCR-V_genomic_1000_CTGAGCCA_merged_2500000extended_.vdjca, /mnt/work1/users/pughlab/projects/TLML/downsampling/dna/TLML_29_JC_baseline_TCR-J_Dep_TCR-V_genomic_1000_CTGAGCCA_merged_2500000.clns,0,0," 2.1.12,repseqio.v1.5",210785,0,582512,1013,8359,0,51,1139,0,0,0,TLML29gDNA_BL
5.65,0,48927,0,1240,48974,0,0,8667,TLML_29_JC_baseline_TCR-JV_cDNA_18_CGACACAC_merged_170000extended_.vdjca, /mnt/work1/users/pughlab/projects/TLML/downsampling/cdna/TLML_29_JC_baseline_TCR-JV_cDNA_18_CGACACAC_merged_170000.clns,0,0," 2.1.12,repseqio.v1.5",47734,0,54808,34,2889,0,6,47,0,0,0,TLML29cDNA_BL
94.56,0,767650,0,27676,779755,0,0,8118,TLML_29_JC_infusion_TCR-J_Dep_TCR-V_genomic_1000_CTCAATGA_merged_2500000extended_.vdjca, /mnt/work1/users/pughlab/projects/TLML/downsampling/dna/TLML_29_JC_infusion_TCR-J_Dep_TCR-V_genomic_1000_CTCAATGA_merged_2500000.clns,0,0," 2.1.12,repseqio.v1.5",752079,0,523905,3387,22629,0,166,12105,0,0,0,TLML29gDNA_TIL
6.87,0,65572,0,1676,66543,0,0,9546,TLML_29_JC_infusion_TCR-JV_cDNA_13_CCTCTATC_merged_170000extended_.vdjca, /mnt/work1/users/pughlab/projects/TLML/downsampling/cdna/TLML_29_JC_infusion_TCR-JV_cDNA_13_CCTCTATC_merged_170000.clns,0,0," 2.1.12,repseqio.v1.5",64867,0,46824,583,4229,0,9,971,0,0,0,TLML29cDNA_TIL
133.2,0,448097,0,17581,455284,0,0,3364,TLML_4_JR_4W_TCR-J_Dep_TCR-V_genomic_1000_AACCGAGA_merged_2500000extended_.vdjca, /mnt/work1/users/pughlab/projects/TLML/downsampling/dna/TLML_4_JR_4W_TCR-J_Dep_TCR-V_genomic_1000_AACCGAGA_merged_2500000.clns,0,0," 2.1.12,repseqio.v1.5",437703,0,563966,2078,13071,0,99,7187,0,0,0,TLML4gDNA_4W
13.32,0,61810,0,1835,63033,0,0,4639,TLML_4_JR_4W_TCR-JV_cDNA_32_GTGTTCTA_merged_170000extended_.vdjca, /mnt/work1/users/pughlab/projects/TLML/downsampling/cdna/TLML_4_JR_4W_TCR-JV_cDNA_32_GTGTTCTA_merged_170000.clns,0,0," 2.1.12,repseqio.v1.5",61198,0,47012,524,2582,0,7,1223,0,0,0,TLML4cDNA_4W
39.99,0,157981,0,5442,158838,0,0,3951,TLML_4_JR_baseline2_TCR-J_Dep_TCR-V_genomic_1000_AACAACCA_merged_2500000extended_.vdjca, /mnt/work1/users/pughlab/projects/TLML/downsampling/dna/TLML_4_JR_baseline2_TCR-J_Dep_TCR-V_genomic_1000_AACAACCA_merged_2500000.clns,0,0," 2.1.12,repseqio.v1.5",153396,0,577358,639,6542,0,24,857,0,0,0,TLML4gDNA_BL
5.73,0,53549,0,1464,53718,0,0,9345,TLML_4_JR_baseline2_TCR-JV_cDNA_42_GTCTGTCA_merged_170000extended_.vdjca, /mnt/work1/users/pughlab/projects/TLML/downsampling/cdna/TLML_4_JR_baseline2_TCR-JV_cDNA_42_GTCTGTCA_merged_170000.clns,0,0," 2.1.12,repseqio.v1.5",52254,0,56529,84,3897,0,5,169,0,0,0,TLML4cDNA_BL
267.78,0,646419,0,20294,663095,0,0,2414,TLML_4_JR_FU1_TCR-J_Dep_TCR-V_genomic_1000_AACGCTTA_merged_2500000extended_.vdjca, /mnt/work1/users/pughlab/projects/TLML/downsampling/dna/TLML_4_JR_FU1_TCR-J_Dep_TCR-V_genomic_1000_AACGCTTA_merged_2500000.clns,0,0," 2.1.12,repseqio.v1.5",642801,0,551004,2680,12488,0,114,16676,0,0,0,TLML4gDNA_F1
18.82,0,59598,0,1587,60998,0,0,3167,TLML_4_JR_FU1_TCR-JV_cDNA_15_TAGGATGA_merged_170000extended_.vdjca, /mnt/work1/users/pughlab/projects/TLML/downsampling/cdna/TLML_4_JR_FU1_TCR-JV_cDNA_15_TAGGATGA_merged_170000.clns,0,0," 2.1.12,repseqio.v1.5",59411,0,55122,543,1992,0,7,1400,0,0,0,TLML4cDNA_F1
80.48,0,850584,0,31059,858662,0,0,10569,TLML_4_JR_infusion_TCR-J_Dep_TCR-V_genomic_1000_AGTACAAG_merged_2500000extended_.vdjca, /mnt/work1/users/pughlab/projects/TLML/downsampling/dna/TLML_4_JR_infusion_TCR-J_Dep_TCR-V_genomic_1000_AGTACAAG_merged_2500000.clns,0,0," 2.1.12,repseqio.v1.5",827603,0,522153,3912,27175,0,148,8078,0,0,0,TLML4gDNA_TIL
5.39,0,65140,0,1635,65759,0,0,12084,TLML_4_JR_infusion_TCR-JV_cDNA_13_GTCGTAGA_merged_170000extended_.vdjca, /mnt/work1/users/pughlab/projects/TLML/downsampling/cdna/TLML_4_JR_infusion_TCR-JV_cDNA_13_GTCGTAGA_merged_170000.clns,0,0," 2.1.12,repseqio.v1.5",64124,0,46875,471,5365,0,8,619,0,0,0,TLML4cDNA_TIL
46.38,0,263494,0,9553,264922,0,0,5681,TLML_7_AL_12W_TCR-J_Dep_TCR-V_genomic_1000_ACAGCAGA_merged_2500000extended_.vdjca, /mnt/work1/users/pughlab/projects/TLML/downsampling/dna/TLML_7_AL_12W_TCR-J_Dep_TCR-V_genomic_1000_ACAGCAGA_merged_2500000.clns,0,0," 2.1.12,repseqio.v1.5",255369,0,583049,1142,11310,0,72,1428,0,0,0,TLML7gDNA_12W
4.81,0,56761,0,1388,57054,0,0,11802,TLML_7_AL_12W_TCR-JV_cDNA_35_TGAAGAGA_merged_170000extended_.vdjca, /mnt/work1/users/pughlab/projects/TLML/downsampling/cdna/TLML_7_AL_12W_TCR-JV_cDNA_35_TGAAGAGA_merged_170000.clns,0,0," 2.1.12,repseqio.v1.5",55666,0,51721,112,4670,0,10,293,0,0,0,TLML7cDNA_12W
35.61,0,11539,0,452,11577,0,0,324,TLML_7_AL_17W_TCR-J_Dep_TCR-V_genomic_1000_ACCTCCAA_merged_2500000extended_.vdjca, /mnt/work1/users/pughlab/projects/TLML/downsampling/dna/TLML_7_AL_17W_TCR-J_Dep_TCR-V_genomic_1000_ACCTCCAA_merged_2500000.clns,0,0," 2.1.12,repseqio.v1.5",11125,0,592999,37,598,0,0,38,0,0,0,TLML7gDNA_17W
58.14,0,461888,0,16678,464989,0,0,7944,TLML_7_AL_4W_TCR-J_Dep_TCR-V_genomic_1000_ACACAGAA_merged_2500000extended_.vdjca, /mnt/work1/users/pughlab/projects/TLML/downsampling/dna/TLML_7_AL_4W_TCR-J_Dep_TCR-V_genomic_1000_ACACAGAA_merged_2500000.clns,0,0," 2.1.12,repseqio.v1.5",448311,0,570748,2148,16403,0,103,3101,0,0,0,TLML7gDNA_4W
3.4,0,59031,0,1202,59452,0,0,17347,TLML_7_AL_4W_TCR-JV_cDNA_37_TCTTCACA_merged_170000extended_.vdjca, /mnt/work1/users/pughlab/projects/TLML/downsampling/cdna/TLML_7_AL_4W_TCR-JV_cDNA_37_TCTTCACA_merged_170000.clns,0,0," 2.1.12,repseqio.v1.5",58250,0,50803,219,6361,0,3,421,0,0,0,TLML7cDNA_4W
37.78,0,501778,0,16769,504252,0,0,13283,TLML_7_AL_apheresis_TCR-J_Dep_TCR-V_genomic_1000_AAGGTACA_merged_2500000extended_.vdjca, /mnt/work1/users/pughlab/projects/TLML/downsampling/dna/TLML_7_AL_apheresis_TCR-J_Dep_TCR-V_genomic_1000_AAGGTACA_merged_2500000.clns,0,0," 2.1.12,repseqio.v1.5",487483,0,560673,2097,19569,0,93,2474,0,0,0,TLML7gDNA_BL
1.7,0,49992,0,702,50088,0,0,29347,TLML_7_AL_apheresis_TCR-JV_cDNA_21_TCCGTCTA_merged_170000extended_.vdjca, /mnt/work1/users/pughlab/projects/TLML/downsampling/cdna/TLML_7_AL_apheresis_TCR-JV_cDNA_21_TCCGTCTA_merged_170000.clns,0,0," 2.1.12,repseqio.v1.5",49386,0,56882,85,12735,0,6,96,0,0,0,TLML7cDNA_BL
120.77,0,860840,0,38285,866194,0,0,7128,TLML_7_AL_infusion_TCR-J_Dep_TCR-V_genomic_1000_AAGACGGA_merged_2500000extended_.vdjca, /mnt/work1/users/pughlab/projects/TLML/downsampling/dna/TLML_7_AL_infusion_TCR-J_Dep_TCR-V_genomic_1000_AAGACGGA_merged_2500000.clns,0,0," 2.1.12,repseqio.v1.5",827909,0,550846,3787,34688,0,160,5354,0,0,0,TLML7gDNA_TIL
2.5,0,60559,0,1118,60810,0,0,24245,TLML_7_AL_infusion_TCR-JV_cDNA_25_TATCAGCA_merged_170000extended_.vdjca, /mnt/work1/users/pughlab/projects/TLML/downsampling/cdna/TLML_7_AL_infusion_TCR-JV_cDNA_25_TATCAGCA_merged_170000.clns,0,0," 2.1.12,repseqio.v1.5",59692,0,51066,216,8712,0,9,251,0,0,0,TLML7cDNA_TIL