Average number of reads per clonotype,Clonotypes dropped as low quality,Clonotypes eliminated by PCR error correction,Clonotypes pre-clustered due to the similar VJC-lists,Final clonotype count,IGH chains,IGK chains,IGL chains,Input file(s),"Mapped low quality reads, percent of used","Number of reads used as a core, percent of used",Output file(s),"Reads clustered in PCR error correction, percent of used",Reads dropped due to failed mapping,Reads dropped due to low quality,Reads dropped due to the lack of a clone sequence,Reads dropped with low quality clones,"Reads pre-clustered due to the similar VJC-lists, percent of used","Reads used in clonotypes before clustering, percent of total","Reads used in clonotypes, percent of total",SampleID,TRA chains,TRB chains,TRD chains,TRG chains,Version,ID,only_productive
7.33,0,226,0,7678,0,0,0,TLDC_1_VM_4W_TCR-JV_cDNA_20_GAGCTGAA_merged_170000extended_.vdjca,1607,55054, /mnt/work1/users/pughlab/projects/TLML/downsampling/cdna/TLDC_1_VM_4W_TCR-JV_cDNA_20_GAGCTGAA_merged_170000.clns,369,3462,6,52093,0,0,56661,56292,TLDC1cDNA_4W,0,0,0,0," 2.1.12,repseqio.v1.5",TLDC_1_VM_4W_TCR-JV_cDNA_20_GAGCTGAA_merged_170000.clns,4438
4.06,0,353,0,12542,0,0,0,TLDC_1_VM_baseline_TCR-JV_cDNA_13_CAAGACTA_merged_170000extended_.vdjca,1196,50296, /mnt/work1/users/pughlab/projects/TLML/downsampling/cdna/TLDC_1_VM_baseline_TCR-JV_cDNA_13_CAAGACTA_merged_170000.clns,524,6386,7,60318,0,0,51492,50968,TLDC1cDNA_BL,0,0,0,0," 2.1.12,repseqio.v1.5",TLDC_1_VM_baseline_TCR-JV_cDNA_13_CAAGACTA_merged_170000.clns,7211
39.5,0,616,0,1851,0,0,0,TLDC_1_VM_infusion_TCR-JV_cDNA_27_GAATCTGA_merged_170000extended_.vdjca,2060,73119, /mnt/work1/users/pughlab/projects/TLML/downsampling/cdna/TLDC_1_VM_infusion_TCR-JV_cDNA_27_GAATCTGA_merged_170000.clns,2065,1783,9,43679,0,0,75179,73114,TLDC1cDNA_TIL,0,0,0,0," 2.1.12,repseqio.v1.5",TLDC_1_VM_infusion_TCR-JV_cDNA_27_GAATCTGA_merged_170000.clns,831
6.2,0,24,0,1782,0,0,0,17_02_TLDC-001-VM-4W_TCR-J_D_TCR-V_cfDNA_252_AGTGGTCA_merged_1000000extended_.vdjca,443,10631, /mnt/work1/users/pughlab/projects/TLML/downsampling/cfdna/17_02_TLDC-001-VM-4W_TCR-J_D_TCR-V_cfDNA_252_AGTGGTCA_merged_1000000.clns,26,1553,6,922741,0,0,11074,11048,TLDC1cfDNA_4W,0,0,0,0," 2.1.12,repseqio.v1.5",17_02_TLDC-001-VM-4W_TCR-J_D_TCR-V_cfDNA_252_AGTGGTCA_merged_1000000.clns,286
8.35,0,1,0,139,0,0,0,17_02_TLDC-001-VM-BL_TCR-J_D_TCR-V_cfDNA_69_ATGCCTAA_merged_1000000extended_.vdjca,39,1122, /mnt/work1/users/pughlab/projects/TLML/downsampling/cfdna/17_02_TLDC-001-VM-BL_TCR-J_D_TCR-V_cfDNA_69_ATGCCTAA_merged_1000000.clns,1,161,0,931298,0,0,1161,1160,TLDC1cfDNA_BL,0,0,0,0," 2.1.12,repseqio.v1.5",17_02_TLDC-001-VM-BL_TCR-J_D_TCR-V_cfDNA_69_ATGCCTAA_merged_1000000.clns,24
51.93,0,1359,0,5797,0,0,0,TLDC_1_VM_4W_TCR-J_Dep_TCR-V_genomic_1000_ATGCCTAA_merged_2500000extended_.vdjca,10947,292045, /mnt/work1/users/pughlab/projects/TLML/downsampling/dna/TLDC_1_VM_4W_TCR-J_Dep_TCR-V_genomic_1000_ATGCCTAA_merged_2500000.clns,1954,11954,63,591172,0,0,302992,301038,TLDC1gDNA_4W,0,0,0,0," 2.1.12,repseqio.v1.5",TLDC_1_VM_4W_TCR-J_Dep_TCR-V_genomic_1000_ATGCCTAA_merged_2500000.clns,1010
69.18,0,1791,0,5752,0,0,0,TLDC_1_VM_baseline_TCR-J_Dep_TCR-V_genomic_1000_AAACATCG_merged_2500000extended_.vdjca,14094,388566, /mnt/work1/users/pughlab/projects/TLML/downsampling/dna/TLDC_1_VM_baseline_TCR-J_Dep_TCR-V_genomic_1000_AAACATCG_merged_2500000.clns,4715,12532,89,570573,0,0,402660,397945,TLDC1gDNA_BL,0,0,0,0," 2.1.12,repseqio.v1.5",TLDC_1_VM_baseline_TCR-J_Dep_TCR-V_genomic_1000_AAACATCG_merged_2500000.clns,933
386.2,0,2563,0,1992,0,0,0,TLDC_1_VM_infusion_TCR-J_Dep_TCR-V_genomic_1000_AACGTGAT_merged_2500000extended_.vdjca,21047,772421, /mnt/work1/users/pughlab/projects/TLML/downsampling/dna/TLDC_1_VM_infusion_TCR-J_Dep_TCR-V_genomic_1000_AACGTGAT_merged_2500000.clns,24165,13226,146,544439,0,0,793468,769303,TLDC1gDNA_TIL,0,0,0,0," 2.1.12,repseqio.v1.5",TLDC_1_VM_infusion_TCR-J_Dep_TCR-V_genomic_1000_AACGTGAT_merged_2500000.clns,357
2.99,0,96,0,17389,0,0,0,TLML_16_MT_baseline_TCR-JV_cDNA_19_TGGTGGTA_merged_170000extended_.vdjca,1076,51071, /mnt/work1/users/pughlab/projects/TLML/downsampling/cdna/TLML_16_MT_baseline_TCR-JV_cDNA_19_TGGTGGTA_merged_170000.clns,133,6785,9,57193,0,0,52147,52014,TLML16cDNA_BL,0,0,0,0," 2.1.12,repseqio.v1.5",TLML_16_MT_baseline_TCR-JV_cDNA_19_TGGTGGTA_merged_170000.clns,9642
12.9,0,461,0,4481,0,0,0,TLML_16_MT_FU1_TCR-JV_cDNA_20_AACTCACC_merged_170000extended_.vdjca,1488,57528, /mnt/work1/users/pughlab/projects/TLML/downsampling/cdna/TLML_16_MT_FU1_TCR-JV_cDNA_20_AACTCACC_merged_170000.clns,1228,2093,9,53343,0,0,59016,57788,TLML16cDNA_F1,0,0,0,0," 2.1.12,repseqio.v1.5",TLML_16_MT_FU1_TCR-JV_cDNA_20_AACTCACC_merged_170000.clns,2299
15.28,0,208,0,2638,0,0,0,TLML_16_MT_FU2_TCR-JV_cDNA_28_AAGAGATC_merged_170000extended_.vdjca,1027,39731, /mnt/work1/users/pughlab/projects/TLML/downsampling/cdna/TLML_16_MT_FU2_TCR-JV_cDNA_28_AAGAGATC_merged_170000.clns,437,1178,9,67656,0,0,40758,40321,TLML16cDNA_F2,0,0,0,0," 2.1.12,repseqio.v1.5",TLML_16_MT_FU2_TCR-JV_cDNA_28_AAGAGATC_merged_170000.clns,1459
14.77,0,180,0,2659,0,0,0,TLML_16_MT_FU3_TCR-JV_cDNA_20_AAGGACAC_merged_170000extended_.vdjca,1179,38445, /mnt/work1/users/pughlab/projects/TLML/downsampling/cdna/TLML_16_MT_FU3_TCR-JV_cDNA_20_AAGGACAC_merged_170000.clns,356,1277,2,72624,0,0,39624,39268,TLML16cDNA_F3,0,0,0,0," 2.1.12,repseqio.v1.5",TLML_16_MT_FU3_TCR-JV_cDNA_20_AAGGACAC_merged_170000.clns,1421
14.09,0,246,0,3259,0,0,0,TLML_16_MT_FU4_TCR-JV_cDNA_27_AATCCGTC_merged_170000extended_.vdjca,1162,45206, /mnt/work1/users/pughlab/projects/TLML/downsampling/cdna/TLML_16_MT_FU4_TCR-JV_cDNA_27_AATCCGTC_merged_170000.clns,450,1389,8,64694,0,0,46368,45918,TLML16cDNA_F4,0,0,0,0," 2.1.12,repseqio.v1.5",TLML_16_MT_FU4_TCR-JV_cDNA_27_AATCCGTC_merged_170000.clns,1837
7.82,0,193,0,5534,0,0,0,TLML_16_MT_FU5_TCR-JV_cDNA_34_AATGTTGC_merged_170000extended_.vdjca,1096,42513, /mnt/work1/users/pughlab/projects/TLML/downsampling/cdna/TLML_16_MT_FU5_TCR-JV_cDNA_34_AATGTTGC_merged_170000.clns,325,2272,3,70534,0,0,43609,43284,TLML16cDNA_F5,0,0,0,0," 2.1.12,repseqio.v1.5",TLML_16_MT_FU5_TCR-JV_cDNA_34_AATGTTGC_merged_170000.clns,2988
20.45,0,776,0,3555,0,0,0,TLML_16_MT_infusion_TCR-JV_cDNA_15_TGGCTTCA_merged_170000extended_.vdjca,1912,72381, /mnt/work1/users/pughlab/projects/TLML/downsampling/cdna/TLML_16_MT_infusion_TCR-JV_cDNA_15_TGGCTTCA_merged_170000.clns,1595,2434,4,41677,0,0,74293,72698,TLML16cDNA_TIL,0,0,0,0," 2.1.12,repseqio.v1.5",TLML_16_MT_infusion_TCR-JV_cDNA_15_TGGCTTCA_merged_170000.clns,1686
4.32,0,2,0,227,0,0,0,17_02_TLML-016-MT-4W_TCR-J_D_TCR-V_cfDNA_342_ACAGATTC_merged_1000000extended_.vdjca,36,946, /mnt/work1/users/pughlab/projects/TLML/downsampling/cfdna/17_02_TLML-016-MT-4W_TCR-J_D_TCR-V_cfDNA_342_ACAGATTC_merged_1000000.clns,2,265,0,923142,0,0,982,980,TLML16cfDNA_4W,0,0,0,0," 2.1.12,repseqio.v1.5",17_02_TLML-016-MT-4W_TCR-J_D_TCR-V_cfDNA_342_ACAGATTC_merged_1000000.clns,34
3.21,0,0,0,181,0,0,0,17_02_TLML-016-MT-BL_TCR-J_D_TCR-V_cfDNA_132_ACACGACC_merged_1000000extended_.vdjca,12,569, /mnt/work1/users/pughlab/projects/TLML/downsampling/cfdna/17_02_TLML-016-MT-BL_TCR-J_D_TCR-V_cfDNA_132_ACACGACC_merged_1000000.clns,0,144,0,935835,0,0,581,581,TLML16cfDNA_BL,0,0,0,0," 2.1.12,repseqio.v1.5",17_02_TLML-016-MT-BL_TCR-J_D_TCR-V_cfDNA_132_ACACGACC_merged_1000000.clns,24
64.71,0,298,0,1122,0,0,0,TLML_16_MT_4W_TCR-J_Dep_TCR-V_genomic_1000_ACTATGCA_merged_2500000extended_.vdjca,2570,70688, /mnt/work1/users/pughlab/projects/TLML/downsampling/dna/TLML_16_MT_4W_TCR-J_Dep_TCR-V_genomic_1000_ACTATGCA_merged_2500000.clns,653,2438,17,591415,0,0,73258,72605,TLML16gDNA_4W,0,0,0,0," 2.1.12,repseqio.v1.5",TLML_16_MT_4W_TCR-J_Dep_TCR-V_genomic_1000_ACTATGCA_merged_2500000.clns,200
38.81,0,1319,0,8227,0,0,0,TLML_16_MT_baseline_TCR-J_Dep_TCR-V_genomic_1000_ACGTATCA_merged_2500000extended_.vdjca,11081,309968, /mnt/work1/users/pughlab/projects/TLML/downsampling/dna/TLML_16_MT_baseline_TCR-J_Dep_TCR-V_genomic_1000_ACGTATCA_merged_2500000.clns,1719,13927,54,581623,0,0,321049,319330,TLML16gDNA_BL,0,0,0,0," 2.1.12,repseqio.v1.5",TLML_16_MT_baseline_TCR-J_Dep_TCR-V_genomic_1000_ACGTATCA_merged_2500000.clns,1273
114.52,0,864,0,1772,0,0,0,TLML_16_MT_FU1_TCR-J_Dep_TCR-V_genomic_1000_AGAGTCAA_merged_2500000extended_.vdjca,6850,199484, /mnt/work1/users/pughlab/projects/TLML/downsampling/dna/TLML_16_MT_FU1_TCR-J_Dep_TCR-V_genomic_1000_AGAGTCAA_merged_2500000.clns,3404,5308,43,586638,0,0,206334,202930,TLML16gDNA_F1,0,0,0,0," 2.1.12,repseqio.v1.5",TLML_16_MT_FU1_TCR-J_Dep_TCR-V_genomic_1000_AGAGTCAA_merged_2500000.clns,280
72.02,0,451,0,1425,0,0,0,TLML_16_MT_FU2_TCR-J_Dep_TCR-V_genomic_1000_AGATCGCA_merged_2500000extended_.vdjca,3688,99901, /mnt/work1/users/pughlab/projects/TLML/downsampling/dna/TLML_16_MT_FU2_TCR-J_Dep_TCR-V_genomic_1000_AGATCGCA_merged_2500000.clns,963,3415,24,586048,0,0,103589,102626,TLML16gDNA_F2,0,0,0,0," 2.1.12,repseqio.v1.5",TLML_16_MT_FU2_TCR-J_Dep_TCR-V_genomic_1000_AGATCGCA_merged_2500000.clns,231
45.15,0,278,0,1421,0,0,0,TLML_16_MT_FU3_TCR-J_Dep_TCR-V_genomic_1000_AGCAGGAA_merged_2500000extended_.vdjca,2437,62117, /mnt/work1/users/pughlab/projects/TLML/downsampling/dna/TLML_16_MT_FU3_TCR-J_Dep_TCR-V_genomic_1000_AGCAGGAA_merged_2500000.clns,394,3010,8,601238,0,0,64554,64160,TLML16gDNA_F3,0,0,0,0," 2.1.12,repseqio.v1.5",TLML_16_MT_FU3_TCR-J_Dep_TCR-V_genomic_1000_AGCAGGAA_merged_2500000.clns,247
52.03,0,547,0,2157,0,0,0,TLML_16_MT_FU4_TCR-J_Dep_TCR-V_genomic_1000_AGTCACTA_merged_2500000extended_.vdjca,3940,109016, /mnt/work1/users/pughlab/projects/TLML/downsampling/dna/TLML_16_MT_FU4_TCR-J_Dep_TCR-V_genomic_1000_AGTCACTA_merged_2500000.clns,724,3742,20,597862,0,0,112956,112232,TLML16gDNA_F4,0,0,0,0," 2.1.12,repseqio.v1.5",TLML_16_MT_FU4_TCR-J_Dep_TCR-V_genomic_1000_AGTCACTA_merged_2500000.clns,349
54.68,0,522,0,1926,0,0,0,TLML_16_MT_FU5_TCR-J_Dep_TCR-V_genomic_1000_ATCCTGTA_merged_2500000extended_.vdjca,3797,102161, /mnt/work1/users/pughlab/projects/TLML/downsampling/dna/TLML_16_MT_FU5_TCR-J_Dep_TCR-V_genomic_1000_ATCCTGTA_merged_2500000.clns,640,3953,27,601907,0,0,105958,105318,TLML16gDNA_F5,0,0,0,0," 2.1.12,repseqio.v1.5",TLML_16_MT_FU5_TCR-J_Dep_TCR-V_genomic_1000_ATCCTGTA_merged_2500000.clns,284
221.2,0,3685,0,3926,0,0,0,TLML_16_MT_infusion_TCR-J_Dep_TCR-V_genomic_1000_ACGCTCGA_merged_2500000extended_.vdjca,30981,858520, /mnt/work1/users/pughlab/projects/TLML/downsampling/dna/TLML_16_MT_infusion_TCR-J_Dep_TCR-V_genomic_1000_ACGCTCGA_merged_2500000.clns,21083,21083,202,503931,0,0,889501,868418,TLML16gDNA_TIL,0,0,0,0," 2.1.12,repseqio.v1.5",TLML_16_MT_infusion_TCR-J_Dep_TCR-V_genomic_1000_ACGCTCGA_merged_2500000.clns,691
17.06,0,291,0,2775,0,0,0,TLML_18_CKN_4W_TCR-JV_cDNA_34_AGATGTAC_merged_170000extended_.vdjca,1258,46771, /mnt/work1/users/pughlab/projects/TLML/downsampling/cdna/TLML_18_CKN_4W_TCR-JV_cDNA_34_AGATGTAC_merged_170000.clns,675,1320,4,52817,0,0,48029,47354,TLML18cDNA_4W,0,0,0,0," 2.1.12,repseqio.v1.5",TLML_18_CKN_4W_TCR-JV_cDNA_34_AGATGTAC_merged_170000.clns,1528
3.87,0,31,0,13488,0,0,0,TLML_18_CKN_apheresis_TCR-JV_cDNA_57_ACAGATTC_merged_170000extended_.vdjca,1138,51161, /mnt/work1/users/pughlab/projects/TLML/downsampling/cdna/TLML_18_CKN_apheresis_TCR-JV_cDNA_57_ACAGATTC_merged_170000.clns,35,4781,4,58165,0,0,52299,52264,TLML18cDNA_BL,0,0,0,0," 2.1.12,repseqio.v1.5",TLML_18_CKN_apheresis_TCR-JV_cDNA_57_ACAGATTC_merged_170000.clns,8507
33.09,0,724,0,2121,0,0,0,TLML_18_CKN_infusion_TCR-JV_cDNA_13_ACACGACC_merged_170000extended_.vdjca,1919,69905, /mnt/work1/users/pughlab/projects/TLML/downsampling/cdna/TLML_18_CKN_infusion_TCR-JV_cDNA_13_ACACGACC_merged_170000.clns,1645,1720,6,41848,0,0,71824,70179,TLML18cDNA_TIL,0,0,0,0," 2.1.12,repseqio.v1.5",TLML_18_CKN_infusion_TCR-JV_cDNA_13_ACACGACC_merged_170000.clns,892
104.49,0,715,0,1438,0,0,0,TLML_18_CKN_4W_TCR-J_Dep_TCR-V_genomic_1000_GACTAGTA_merged_2500000extended_.vdjca,5094,146329, /mnt/work1/users/pughlab/projects/TLML/downsampling/dna/TLML_18_CKN_4W_TCR-J_Dep_TCR-V_genomic_1000_GACTAGTA_merged_2500000.clns,1171,4414,15,586482,0,0,151423,150252,TLML18gDNA_4W,0,0,0,0," 2.1.12,repseqio.v1.5",TLML_18_CKN_4W_TCR-J_Dep_TCR-V_genomic_1000_GACTAGTA_merged_2500000.clns,230
35.54,0,814,0,5448,0,0,0,TLML_18_CKN_apheresis_TCR-J_Dep_TCR-V_genomic_1000_CAACCACA_merged_2500000extended_.vdjca,6962,187506, /mnt/work1/users/pughlab/projects/TLML/downsampling/dna/TLML_18_CKN_apheresis_TCR-J_Dep_TCR-V_genomic_1000_CAACCACA_merged_2500000.clns,865,8864,62,588405,0,0,194468,193603,TLML18gDNA_BL,0,0,0,0," 2.1.12,repseqio.v1.5",TLML_18_CKN_apheresis_TCR-J_Dep_TCR-V_genomic_1000_CAACCACA_merged_2500000.clns,555
425.34,0,3362,0,2045,0,0,0,TLML_18_CKN_infusion_TCR-J_Dep_TCR-V_genomic_500_ATTGAGGA_merged_2500000extended_.vdjca,32051,862438, /mnt/work1/users/pughlab/projects/TLML/downsampling/dna/TLML_18_CKN_infusion_TCR-J_Dep_TCR-V_genomic_500_ATTGAGGA_merged_2500000.clns,24661,20417,178,518990,0,0,894489,869828,TLML18gDNA_TIL,0,0,0,0," 2.1.12,repseqio.v1.5",TLML_18_CKN_infusion_TCR-J_Dep_TCR-V_genomic_500_ATTGAGGA_merged_2500000.clns,350
7.59,0,239,0,8354,0,0,0,TLML_1_AT_4W_TCR-JV_cDNA_69_GATAGACA_merged_170000extended_.vdjca,1710,62162, /mnt/work1/users/pughlab/projects/TLML/downsampling/cdna/TLML_1_AT_4W_TCR-JV_cDNA_69_GATAGACA_merged_170000.clns,473,3723,4,49129,0,0,63872,63399,TLML1cDNA_4W,0,0,0,0," 2.1.12,repseqio.v1.5",TLML_1_AT_4W_TCR-JV_cDNA_69_GATAGACA_merged_170000.clns,4869
2.96,0,140,0,12106,0,0,0,TLML_1_AT_FU10_TCR-JV_cDNA_33_GCTAACGA_merged_170000extended_.vdjca,808,35223, /mnt/work1/users/pughlab/projects/TLML/downsampling/cdna/TLML_1_AT_FU10_TCR-JV_cDNA_33_GCTAACGA_merged_170000.clns,175,5879,3,53530,0,0,36031,35856,TLML1cDNA_F10,0,0,0,0," 2.1.12,repseqio.v1.5",TLML_1_AT_FU10_TCR-JV_cDNA_33_GCTAACGA_merged_170000.clns,7619
6.13,0,112,0,7901,0,0,0,TLML_1_AT_FU12_TCR-JV_cDNA_24_GCTCGGTA_merged_170000extended_.vdjca,1183,47438, /mnt/work1/users/pughlab/projects/TLML/downsampling/cdna/TLML_1_AT_FU12_TCR-JV_cDNA_24_GCTCGGTA_merged_170000.clns,159,3329,7,64388,0,0,48621,48462,TLML1cDNA_F12,0,0,0,0," 2.1.12,repseqio.v1.5",TLML_1_AT_FU12_TCR-JV_cDNA_24_GCTCGGTA_merged_170000.clns,5646
3.37,0,170,0,14657,0,0,0,TLML_1_AT_FU13_TCR-JV_cDNA_21_GGAGAACA_merged_170000extended_.vdjca,1085,48604, /mnt/work1/users/pughlab/projects/TLML/downsampling/cdna/TLML_1_AT_FU13_TCR-JV_cDNA_21_GGAGAACA_merged_170000.clns,225,5771,7,61838,0,0,49689,49464,TLML1cDNA_F13,0,0,0,0," 2.1.12,repseqio.v1.5",TLML_1_AT_FU13_TCR-JV_cDNA_21_GGAGAACA_merged_170000.clns,9586
4.13,0,107,0,11310,0,0,0,TLML_1_AT_FU16_TCR-JV_cDNA_13_GTACGCAA_merged_170000extended_.vdjca,1171,45767, /mnt/work1/users/pughlab/projects/TLML/downsampling/cdna/TLML_1_AT_FU16_TCR-JV_cDNA_13_GTACGCAA_merged_170000.clns,172,4982,10,65243,0,0,46938,46766,TLML1cDNA_F16,0,0,0,0," 2.1.12,repseqio.v1.5",TLML_1_AT_FU16_TCR-JV_cDNA_13_GTACGCAA_merged_170000.clns,6961
2.95,0,189,0,18133,0,0,0,TLML_1_AT_FU7_TCR-JV_cDNA_18_GCCACATA_merged_170000extended_.vdjca,1155,52573, /mnt/work1/users/pughlab/projects/TLML/downsampling/cdna/TLML_1_AT_FU7_TCR-JV_cDNA_18_GCCACATA_merged_170000.clns,261,8302,1,56035,0,0,53728,53467,TLML1cDNA_F7,0,0,0,0," 2.1.12,repseqio.v1.5",TLML_1_AT_FU7_TCR-JV_cDNA_18_GCCACATA_merged_170000.clns,10992
87.42,0,1358,0,2919,0,0,0,TLML-001-AT_A_B_DNA_S1_2500000extended_.vdjca,5833,252625, /mnt/work1/users/pughlab/projects/TLML/downsampling/TLML-001-AT_A_B_DNA_S1_2500000.clns,3266,5289,73,383812,0,0,258458,255192,TLML1gDNA_BL,0,0,0,0," 2.1.12,repseqio.v1.5",TLML-001-AT_A_B_DNA_S1_2500000.clns,433
102.19,0,1689,0,3312,0,0,0,TLML-001-AT_FU-01_B_DNA_S2_2500000extended_.vdjca,8728,334296, /mnt/work1/users/pughlab/projects/TLML/downsampling/TLML-001-AT_FU-01_B_DNA_S2_2500000.clns,4581,7530,129,388135,0,0,343024,338443,TLML1gDNA_F1,0,0,0,0," 2.1.12,repseqio.v1.5",TLML-001-AT_FU-01_B_DNA_S2_2500000.clns,525
55.6,0,1848,0,6049,0,0,0,TLML-001-AT_FU-02_B_DNA_S6_2500000extended_.vdjca,6913,333449, /mnt/work1/users/pughlab/projects/TLML/downsampling/TLML-001-AT_FU-02_B_DNA_S6_2500000.clns,4067,6682,113,402495,0,0,340362,336295,TLML1gDNA_F2,0,0,0,0," 2.1.12,repseqio.v1.5",TLML-001-AT_FU-02_B_DNA_S6_2500000.clns,885
77.17,0,1335,0,3037,0,0,0,TLML-001-AT_FU-03_B_DNA_S7_2500000extended_.vdjca,5045,232632, /mnt/work1/users/pughlab/projects/TLML/downsampling/TLML-001-AT_FU-03_B_DNA_S7_2500000.clns,3326,4462,59,396913,0,0,237677,234351,TLML1gDNA_F3,0,0,0,0," 2.1.12,repseqio.v1.5",TLML-001-AT_FU-03_B_DNA_S7_2500000.clns,423
239.97,0,2511,0,3080,0,0,0,TLML-001-AT_Infusion_L_DNA_S8_2500000extended_.vdjca,14247,750252, /mnt/work1/users/pughlab/projects/TLML/downsampling/TLML-001-AT_Infusion_L_DNA_S8_2500000.clns,25400,10782,251,392965,0,0,764499,739099,TLML1gDNA_TIL,0,0,0,0," 2.1.12,repseqio.v1.5",TLML-001-AT_Infusion_L_DNA_S8_2500000.clns,463
12.65,0,713,0,5232,0,0,0,TLML_20_TB_4W_TCR-JV_cDNA_14_AGGCTAAC_merged_170000extended_.vdjca,1596,65735, /mnt/work1/users/pughlab/projects/TLML/downsampling/cdna/TLML_20_TB_4W_TCR-JV_cDNA_14_AGGCTAAC_merged_170000.clns,1163,2731,11,46688,0,0,67331,66168,TLML20cDNA_4W,0,0,0,0," 2.1.12,repseqio.v1.5",TLML_20_TB_4W_TCR-JV_cDNA_14_AGGCTAAC_merged_170000.clns,2348
3.49,0,70,0,15447,0,0,0,TLML_20_TB_baseline2_TCR-JV_cDNA_13_AGCCATGC_merged_170000extended_.vdjca,1210,52796, /mnt/work1/users/pughlab/projects/TLML/downsampling/cdna/TLML_20_TB_baseline2_TCR-JV_cDNA_13_AGCCATGC_merged_170000.clns,109,6033,5,56745,0,0,54006,53897,TLML20cDNA_BL,0,0,0,0," 2.1.12,repseqio.v1.5",TLML_20_TB_baseline2_TCR-JV_cDNA_13_AGCCATGC_merged_170000.clns,10177
5.48,0,128,0,9022,0,0,0,TLML_20_TB_FU1_TCR-JV_cDNA_18_ATAGCGAC_merged_170000extended_.vdjca,1166,48458, /mnt/work1/users/pughlab/projects/TLML/downsampling/cdna/TLML_20_TB_FU1_TCR-JV_cDNA_18_ATAGCGAC_merged_170000.clns,220,3229,7,56869,0,0,49624,49404,TLML20cDNA_F1,0,0,0,0," 2.1.12,repseqio.v1.5",TLML_20_TB_FU1_TCR-JV_cDNA_18_ATAGCGAC_merged_170000.clns,5256
4.58,0,328,0,13290,0,0,0,TLML_20_TB_FU2_TCR-JV_cDNA_25_ATCATTCC_merged_170000extended_.vdjca,1389,60023, /mnt/work1/users/pughlab/projects/TLML/downsampling/cdna/TLML_20_TB_FU2_TCR-JV_cDNA_25_ATCATTCC_merged_170000.clns,485,5463,8,49293,0,0,61412,60927,TLML20cDNA_F2,0,0,0,0," 2.1.12,repseqio.v1.5",TLML_20_TB_FU2_TCR-JV_cDNA_25_ATCATTCC_merged_170000.clns,7436
11.09,0,656,0,6208,0,0,0,TLML_20_TB_infusion_TCR-JV_cDNA_97_AGCACCTC_merged_170000extended_.vdjca,1742,68411, /mnt/work1/users/pughlab/projects/TLML/downsampling/cdna/TLML_20_TB_infusion_TCR-JV_cDNA_97_AGCACCTC_merged_170000.clns,1334,3172,6,43381,0,0,70153,68819,TLML20cDNA_TIL,0,0,0,0," 2.1.12,repseqio.v1.5",TLML_20_TB_infusion_TCR-JV_cDNA_97_AGCACCTC_merged_170000.clns,3255
17.23,0,107,0,1269,0,0,0,17_02_TLML-020-TB-4W_TCR-J_D_TCR-V_cfDNA_263_AATGTTGC_merged_1000000extended_.vdjca,1134,20891, /mnt/work1/users/pughlab/projects/TLML/downsampling/cfdna/17_02_TLML-020-TB-4W_TCR-J_D_TCR-V_cfDNA_263_AATGTTGC_merged_1000000.clns,166,1683,5,909385,0,0,22025,21859,TLML20cfDNA_4W,0,0,0,0," 2.1.12,repseqio.v1.5",17_02_TLML-020-TB-4W_TCR-J_D_TCR-V_cfDNA_263_AATGTTGC_merged_1000000.clns,213
6.13,0,0,0,131,0,0,0,17_02_TLML-020-TB-BL_TCR-J_D_TCR-V_cfDNA_74_AATCCGTC_merged_1000000extended_.vdjca,25,778, /mnt/work1/users/pughlab/projects/TLML/downsampling/cfdna/17_02_TLML-020-TB-BL_TCR-J_D_TCR-V_cfDNA_74_AATCCGTC_merged_1000000.clns,0,128,0,923968,0,0,803,803,TLML20cfDNA_BL,0,0,0,0," 2.1.12,repseqio.v1.5",17_02_TLML-020-TB-BL_TCR-J_D_TCR-V_cfDNA_74_AATCCGTC_merged_1000000.clns,23
193.71,0,3597,0,4099,0,0,0,TLML_20_TB_4W_TCR-J_Dep_TCR-V_genomic_1000_CAGCGTTA_merged_2500000extended_.vdjca,28720,780880, /mnt/work1/users/pughlab/projects/TLML/downsampling/dna/TLML_20_TB_4W_TCR-J_Dep_TCR-V_genomic_1000_CAGCGTTA_merged_2500000.clns,15578,19809,176,495048,0,0,809600,794022,TLML20gDNA_4W,0,0,0,0," 2.1.12,repseqio.v1.5",TLML_20_TB_4W_TCR-J_Dep_TCR-V_genomic_1000_CAGCGTTA_merged_2500000.clns,740
37.68,0,1484,0,9350,0,0,0,TLML_20_TB_baseline2_TCR-J_Dep_TCR-V_genomic_1000_CACTTCGA_merged_2500000extended_.vdjca,12618,341317, /mnt/work1/users/pughlab/projects/TLML/downsampling/dna/TLML_20_TB_baseline2_TCR-J_Dep_TCR-V_genomic_1000_CACTTCGA_merged_2500000.clns,1653,15243,80,549887,0,0,353935,352282,TLML20gDNA_BL,0,0,0,0," 2.1.12,repseqio.v1.5",TLML_20_TB_baseline2_TCR-J_Dep_TCR-V_genomic_1000_CACTTCGA_merged_2500000.clns,1060
46.5,0,970,0,4996,0,0,0,TLML_20_TB_FU1_TCR-J_Dep_TCR-V_genomic_1000_CATACCAA_merged_2500000extended_.vdjca,8920,224922, /mnt/work1/users/pughlab/projects/TLML/downsampling/dna/TLML_20_TB_FU1_TCR-J_Dep_TCR-V_genomic_1000_CATACCAA_merged_2500000.clns,1509,9877,70,556757,0,0,233842,232333,TLML20gDNA_F1,0,0,0,0," 2.1.12,repseqio.v1.5",TLML_20_TB_FU1_TCR-J_Dep_TCR-V_genomic_1000_CATACCAA_merged_2500000.clns,768
64.63,0,1424,0,4879,0,0,0,TLML_20_TB_FU2_TCR-J_Dep_TCR-V_genomic_1000_CCAGTTCA_merged_2500000extended_.vdjca,11637,305896, /mnt/work1/users/pughlab/projects/TLML/downsampling/dna/TLML_20_TB_FU2_TCR-J_Dep_TCR-V_genomic_1000_CCAGTTCA_merged_2500000.clns,2197,10714,56,549189,0,0,317533,315336,TLML20gDNA_F2,0,0,0,0," 2.1.12,repseqio.v1.5",TLML_20_TB_FU2_TCR-J_Dep_TCR-V_genomic_1000_CCAGTTCA_merged_2500000.clns,690
134.62,0,3961,0,6566,0,0,0,TLML_20_TB_infusion_TCR-J_Dep_TCR-V_genomic_1000_CAATGGAA_merged_2500000extended_.vdjca,30533,867643, /mnt/work1/users/pughlab/projects/TLML/downsampling/dna/TLML_20_TB_infusion_TCR-J_Dep_TCR-V_genomic_1000_CAATGGAA_merged_2500000.clns,14266,23035,214,520056,0,0,898176,883910,TLML20gDNA_TIL,0,0,0,0," 2.1.12,repseqio.v1.5",TLML_20_TB_infusion_TCR-J_Dep_TCR-V_genomic_1000_CAATGGAA_merged_2500000.clns,1161
21.01,0,443,0,3084,0,0,0,TLML_22_PJ_4W_TCR-JV_cDNA_21_CACCTTAC_merged_170000extended_.vdjca,1657,64343, /mnt/work1/users/pughlab/projects/TLML/downsampling/cdna/TLML_22_PJ_4W_TCR-JV_cDNA_21_CACCTTAC_merged_170000.clns,1202,1523,15,46949,0,0,66000,64798,TLML22cDNA_4W,0,0,0,0," 2.1.12,repseqio.v1.5",TLML_22_PJ_4W_TCR-JV_cDNA_21_CACCTTAC_merged_170000.clns,1496
18.09,0,440,0,3530,0,0,0,TLML_22_PJ_FU1_TCR-JV_cDNA_16_CCATCCTC_merged_170000extended_.vdjca,1566,63864, /mnt/work1/users/pughlab/projects/TLML/downsampling/cdna/TLML_22_PJ_FU1_TCR-JV_cDNA_16_CCATCCTC_merged_170000.clns,1576,1775,9,47630,0,0,65430,63854,TLML22cDNA_F1,0,0,0,0," 2.1.12,repseqio.v1.5",TLML_22_PJ_FU1_TCR-JV_cDNA_16_CCATCCTC_merged_170000.clns,1939
12.97,0,536,0,5080,0,0,0,TLML_22_PJ_FU2_TCR-JV_cDNA_13_CCGACAAC_merged_170000extended_.vdjca,1576,65990, /mnt/work1/users/pughlab/projects/TLML/downsampling/cdna/TLML_22_PJ_FU2_TCR-JV_cDNA_13_CCGACAAC_merged_170000.clns,1699,2620,5,46870,0,0,67566,65867,TLML22cDNA_F2,0,0,0,0," 2.1.12,repseqio.v1.5",TLML_22_PJ_FU2_TCR-JV_cDNA_13_CCGACAAC_merged_170000.clns,2501
12.55,0,552,0,5142,0,0,0,TLML_22_PJ_FU3_TCR-JV_cDNA_16_CCTAATCC_merged_170000extended_.vdjca,1478,64613, /mnt/work1/users/pughlab/projects/TLML/downsampling/cdna/TLML_22_PJ_FU3_TCR-JV_cDNA_16_CCTAATCC_merged_170000.clns,1551,2416,9,48040,0,0,66091,64540,TLML22cDNA_F3,0,0,0,0," 2.1.12,repseqio.v1.5",TLML_22_PJ_FU3_TCR-JV_cDNA_16_CCTAATCC_merged_170000.clns,2369
12.12,0,566,0,5797,0,0,0,TLML_22_PJ_infusion_TCR-JV_cDNA_18_ATTGGCTC_merged_170000extended_.vdjca,1642,70690, /mnt/work1/users/pughlab/projects/TLML/downsampling/cdna/TLML_22_PJ_infusion_TCR-JV_cDNA_18_ATTGGCTC_merged_170000.clns,2051,2751,8,43509,0,0,72332,70281,TLML22cDNA_TIL,0,0,0,0," 2.1.12,repseqio.v1.5",TLML_22_PJ_infusion_TCR-JV_cDNA_18_ATTGGCTC_merged_170000.clns,2756
7.74,0,39,0,1232,0,0,0,17_02_TLML-022-PJ-4W_TCR-J_D_TCR-V_cfDNA_690_AAGGACAC_merged_1000000extended_.vdjca,503,9079, /mnt/work1/users/pughlab/projects/TLML/downsampling/cfdna/17_02_TLML-022-PJ-4W_TCR-J_D_TCR-V_cfDNA_690_AAGGACAC_merged_1000000.clns,49,1562,3,919284,0,0,9582,9533,TLML22cfDNA_4W,0,0,0,0," 2.1.12,repseqio.v1.5",17_02_TLML-022-PJ-4W_TCR-J_D_TCR-V_cfDNA_690_AAGGACAC_merged_1000000.clns,201
2.67,0,0,0,678,0,0,0,17_02_TLML-022-PJ-BL_TCR-J_D_TCR-V_cfDNA_882_AAGAGATC_merged_1000000extended_.vdjca,76,1735, /mnt/work1/users/pughlab/projects/TLML/downsampling/cfdna/17_02_TLML-022-PJ-BL_TCR-J_D_TCR-V_cfDNA_882_AAGAGATC_merged_1000000.clns,0,559,0,923294,0,0,1811,1811,TLML22cfDNA_BL,0,0,0,0," 2.1.12,repseqio.v1.5",17_02_TLML-022-PJ-BL_TCR-J_D_TCR-V_cfDNA_882_AAGAGATC_merged_1000000.clns,101
146.73,0,1950,0,2811,0,0,0,TLML_22_PJ_4W_TCR-J_Dep_TCR-V_genomic_1000_CCTCCTGA_merged_2500000extended_.vdjca,14682,403093, /mnt/work1/users/pughlab/projects/TLML/downsampling/dna/TLML_22_PJ_4W_TCR-J_Dep_TCR-V_genomic_1000_CCTCCTGA_merged_2500000.clns,5307,11186,70,561963,0,0,417775,412468,TLML22gDNA_4W,0,0,0,0," 2.1.12,repseqio.v1.5",TLML_22_PJ_4W_TCR-J_Dep_TCR-V_genomic_1000_CCTCCTGA_merged_2500000.clns,501
42.15,0,388,0,2186,0,0,0,TLML_22_PJ_baseline_TCR-J_Dep_TCR-V_genomic_1000_CCGTGAGA_merged_2500000extended_.vdjca,3366,89210, /mnt/work1/users/pughlab/projects/TLML/downsampling/dna/TLML_22_PJ_baseline_TCR-J_Dep_TCR-V_genomic_1000_CCGTGAGA_merged_2500000.clns,428,4091,30,601157,0,0,92576,92148,TLML22gDNA_BL,0,0,0,0," 2.1.12,repseqio.v1.5",TLML_22_PJ_baseline_TCR-J_Dep_TCR-V_genomic_1000_CCGTGAGA_merged_2500000.clns,352
161.23,0,1841,0,2540,0,0,0,TLML_22_PJ_FU1_TCR-J_Dep_TCR-V_genomic_1000_CGAACTTA_merged_2500000extended_.vdjca,13958,401552, /mnt/work1/users/pughlab/projects/TLML/downsampling/dna/TLML_22_PJ_FU1_TCR-J_Dep_TCR-V_genomic_1000_CGAACTTA_merged_2500000.clns,5983,10620,116,558936,0,0,415510,409527,TLML22gDNA_F1,0,0,0,0," 2.1.12,repseqio.v1.5",TLML_22_PJ_FU1_TCR-J_Dep_TCR-V_genomic_1000_CGAACTTA_merged_2500000.clns,450
142.52,0,2008,0,3214,0,0,0,TLML_22_PJ_FU2_TCR-J_Dep_TCR-V_genomic_1000_CGACTGGA_merged_2500000extended_.vdjca,16435,448451, /mnt/work1/users/pughlab/projects/TLML/downsampling/dna/TLML_22_PJ_FU2_TCR-J_Dep_TCR-V_genomic_1000_CGACTGGA_merged_2500000.clns,6833,12027,94,556330,0,0,464886,458053,TLML22gDNA_F2,0,0,0,0," 2.1.12,repseqio.v1.5",TLML_22_PJ_FU2_TCR-J_Dep_TCR-V_genomic_1000_CGACTGGA_merged_2500000.clns,537
142.67,0,2082,0,3527,0,0,0,TLML_22_PJ_FU3_TCR-J_Dep_TCR-V_genomic_1000_CGCATACA_merged_2500000extended_.vdjca,20478,490182, /mnt/work1/users/pughlab/projects/TLML/downsampling/dna/TLML_22_PJ_FU3_TCR-J_Dep_TCR-V_genomic_1000_CGCATACA_merged_2500000.clns,7475,16241,116,562381,0,0,510660,503185,TLML22gDNA_F3,0,0,0,0," 2.1.12,repseqio.v1.5",TLML_22_PJ_FU3_TCR-J_Dep_TCR-V_genomic_1000_CGCATACA_merged_2500000.clns,615
173.07,0,2916,0,4795,0,0,0,TLML_22_PJ_infusion_TCR-J_Dep_TCR-V_genomic_1000_CCGAAGTA_merged_2500000extended_.vdjca,26994,826598, /mnt/work1/users/pughlab/projects/TLML/downsampling/dna/TLML_22_PJ_infusion_TCR-J_Dep_TCR-V_genomic_1000_CCGAAGTA_merged_2500000.clns,23713,20088,154,484031,0,0,853592,829879,TLML22gDNA_TIL,0,0,0,0," 2.1.12,repseqio.v1.5",TLML_22_PJ_infusion_TCR-J_Dep_TCR-V_genomic_1000_CCGAAGTA_merged_2500000.clns,851
27.22,0,432,0,2285,0,0,0,17_02_TLML-019-FT-4W_TCR-J_D_TCR-V_cDNA_88_TCTTCACA_merged_170000extended_.vdjca,2254,60493, /mnt/work1/users/pughlab/projects/TLML/downsampling/cdna/17_02_TLML-019-FT-4W_TCR-J_D_TCR-V_cDNA_88_TCTTCACA_merged_170000.clns,548,2377,15,88772,0,0,62747,62199,TLML26cDNA_4W,0,0,0,0," 2.1.12,repseqio.v1.5",17_02_TLML-019-FT-4W_TCR-J_D_TCR-V_cDNA_88_TCTTCACA_merged_170000.clns,1199
4.03,0,40,0,14206,0,0,0,17_02_TLML-019-FT-BL_TCR-J_D_TCR-V_cDNA_31_TCCGTCTA_merged_170000extended_.vdjca,1720,55536, /mnt/work1/users/pughlab/projects/TLML/downsampling/cdna/17_02_TLML-019-FT-BL_TCR-J_D_TCR-V_cDNA_31_TCCGTCTA_merged_170000.clns,54,7956,13,90947,0,0,57256,57202,TLML26cDNA_BL,0,0,0,0," 2.1.12,repseqio.v1.5",17_02_TLML-019-FT-BL_TCR-J_D_TCR-V_cDNA_31_TCCGTCTA_merged_170000.clns,9126
9.65,0,4,0,307,0,0,0,17_02_TLML-019-FT-4W_TCR-J_D_TCR-V_cfDNA_48_AGCACCTC_merged_1000000extended_.vdjca,132,2837, /mnt/work1/users/pughlab/projects/TLML/downsampling/cfdna/17_02_TLML-019-FT-4W_TCR-J_D_TCR-V_cfDNA_48_AGCACCTC_merged_1000000.clns,5,428,1,918897,0,0,2969,2964,TLML26cfDNA_4W,0,0,0,0," 2.1.12,repseqio.v1.5",17_02_TLML-019-FT-4W_TCR-J_D_TCR-V_cfDNA_48_AGCACCTC_merged_1000000.clns,45
10.8,0,4,0,258,0,0,0,17_02_TLML-019-FT-BL_TCR-J_D_TCR-V_cfDNA_66_AGATGTAC_merged_1000000extended_.vdjca,146,2645, /mnt/work1/users/pughlab/projects/TLML/downsampling/cfdna/17_02_TLML-019-FT-BL_TCR-J_D_TCR-V_cfDNA_66_AGATGTAC_merged_1000000.clns,4,372,2,917008,0,0,2791,2787,TLML26cfDNA_BL,0,0,0,0," 2.1.12,repseqio.v1.5",17_02_TLML-019-FT-BL_TCR-J_D_TCR-V_cfDNA_66_AGATGTAC_merged_1000000.clns,40
80.58,0,1613,0,3729,0,0,0,TLML-026-FT_4W_B_DNA_S9_2500000extended_.vdjca,7996,296797, /mnt/work1/users/pughlab/projects/TLML/downsampling/TLML-026-FT_4W_B_DNA_S9_2500000.clns,4314,8476,127,397148,0,0,304793,300479,TLML26gDNA_4W,0,0,0,0," 2.1.12,repseqio.v1.5",TLML-026-FT_4W_B_DNA_S9_2500000.clns,554
73.24,0,1338,0,3708,0,0,0,TLML-026-FT_A_B_DNA_S4_2500000extended_.vdjca,8225,266814, /mnt/work1/users/pughlab/projects/TLML/downsampling/TLML-026-FT_A_B_DNA_S4_2500000.clns,3458,9056,106,404405,0,0,275039,271581,TLML26gDNA_BF,0,0,0,0," 2.1.12,repseqio.v1.5",TLML-026-FT_A_B_DNA_S4_2500000.clns,502
41.77,0,2050,0,11024,0,0,0,TLML-026-FT_BL_B_DNA_S11_2500000extended_.vdjca,10323,454286, /mnt/work1/users/pughlab/projects/TLML/downsampling/TLML-026-FT_BL_B_DNA_S11_2500000.clns,4153,12591,174,400302,0,0,464609,460456,TLML26gDNA_BL,0,0,0,0," 2.1.12,repseqio.v1.5",TLML-026-FT_BL_B_DNA_S11_2500000.clns,1545
85.56,0,1737,0,3719,0,0,0,TLML-026-FT_FU-01_B_DNA_S5_2500000extended_.vdjca,8357,314787, /mnt/work1/users/pughlab/projects/TLML/downsampling/TLML-026-FT_FU-01_B_DNA_S5_2500000.clns,4964,8631,108,402797,0,0,323144,318180,TLML26gDNA_F1,0,0,0,0," 2.1.12,repseqio.v1.5",TLML-026-FT_FU-01_B_DNA_S5_2500000.clns,448
125.1,0,1142,0,1776,0,0,0,TLML-026-FT_FU-02_B_DNA_S10_2500000extended_.vdjca,5474,219821, /mnt/work1/users/pughlab/projects/TLML/downsampling/TLML-026-FT_FU-02_B_DNA_S10_2500000.clns,3115,5053,95,401472,0,0,225295,222180,TLML26gDNA_F2,0,0,0,0," 2.1.12,repseqio.v1.5",TLML-026-FT_FU-02_B_DNA_S10_2500000.clns,236
124.64,0,3473,0,5298,0,0,0,TLML-026-FT_Infusion_L_DNA_S3_2500000extended_.vdjca,18826,651466, /mnt/work1/users/pughlab/projects/TLML/downsampling/TLML-026-FT_Infusion_L_DNA_S3_2500000.clns,9971,17012,337,375848,0,0,670292,660321,TLML26gDNA_TIL,0,0,0,0," 2.1.12,repseqio.v1.5",TLML-026-FT_Infusion_L_DNA_S3_2500000.clns,857
6.74,0,310,0,8626,0,0,0,TLML_29_JC_4W_TCR-JV_cDNA_25_CGGATTGC_merged_170000extended_.vdjca,1275,57478, /mnt/work1/users/pughlab/projects/TLML/downsampling/cdna/TLML_29_JC_4W_TCR-JV_cDNA_25_CGGATTGC_merged_170000.clns,585,2649,6,50434,0,0,58753,58168,TLML29cDNA_4W,0,0,0,0," 2.1.12,repseqio.v1.5",TLML_29_JC_4W_TCR-JV_cDNA_25_CGGATTGC_merged_170000.clns,4741
5.65,0,34,0,8667,0,0,0,TLML_29_JC_baseline_TCR-JV_cDNA_18_CGACACAC_merged_170000extended_.vdjca,1240,47734, /mnt/work1/users/pughlab/projects/TLML/downsampling/cdna/TLML_29_JC_baseline_TCR-JV_cDNA_18_CGACACAC_merged_170000.clns,47,2889,6,54808,0,0,48974,48927,TLML29cDNA_BL,0,0,0,0," 2.1.12,repseqio.v1.5",TLML_29_JC_baseline_TCR-JV_cDNA_18_CGACACAC_merged_170000.clns,6171
6.87,0,583,0,9546,0,0,0,TLML_29_JC_infusion_TCR-JV_cDNA_13_CCTCTATC_merged_170000extended_.vdjca,1676,64867, /mnt/work1/users/pughlab/projects/TLML/downsampling/cdna/TLML_29_JC_infusion_TCR-JV_cDNA_13_CCTCTATC_merged_170000.clns,971,4229,9,46824,0,0,66543,65572,TLML29cDNA_TIL,0,0,0,0," 2.1.12,repseqio.v1.5",TLML_29_JC_infusion_TCR-JV_cDNA_13_CCTCTATC_merged_170000.clns,4448
3.68,0,0,0,300,0,0,0,17_02_TLML-029-JC-4W_TCR-J_D_TCR-V_cfDNA_600_AGGCTAAC_merged_1000000extended_.vdjca,43,1062, /mnt/work1/users/pughlab/projects/TLML/downsampling/cfdna/17_02_TLML-029-JC-4W_TCR-J_D_TCR-V_cfDNA_600_AGGCTAAC_merged_1000000.clns,0,259,0,936127,0,0,1105,1105,TLML29cfDNA_4W,0,0,0,0," 2.1.12,repseqio.v1.5",17_02_TLML-029-JC-4W_TCR-J_D_TCR-V_cfDNA_600_AGGCTAAC_merged_1000000.clns,44
6.72,0,1,0,111,0,0,0,17_02_TLML-029-JC-BL_TCR-J_D_TCR-V_cfDNA_138_AGCCATGC_merged_1000000extended_.vdjca,26,721, /mnt/work1/users/pughlab/projects/TLML/downsampling/cfdna/17_02_TLML-029-JC-BL_TCR-J_D_TCR-V_cfDNA_138_AGCCATGC_merged_1000000.clns,1,77,0,913200,0,0,747,746,TLML29cfDNA_BL,0,0,0,0," 2.1.12,repseqio.v1.5",17_02_TLML-029-JC-BL_TCR-J_D_TCR-V_cfDNA_138_AGCCATGC_merged_1000000.clns,25
92.58,0,1572,0,3829,0,0,0,TLML_29_JC_4W_TCR-J_Dep_TCR-V_genomic_1000_CTGGCATA_merged_2500000extended_.vdjca,12814,345050, /mnt/work1/users/pughlab/projects/TLML/downsampling/dna/TLML_29_JC_4W_TCR-J_Dep_TCR-V_genomic_1000_CTGGCATA_merged_2500000.clns,3365,10658,60,592477,0,0,357864,354499,TLML29gDNA_4W,0,0,0,0," 2.1.12,repseqio.v1.5",TLML_29_JC_4W_TCR-J_Dep_TCR-V_genomic_1000_CTGGCATA_merged_2500000.clns,661
47.28,0,1013,0,4587,0,0,0,TLML_29_JC_baseline_TCR-J_Dep_TCR-V_genomic_1000_CTGAGCCA_merged_2500000extended_.vdjca,7249,210785, /mnt/work1/users/pughlab/projects/TLML/downsampling/dna/TLML_29_JC_baseline_TCR-J_Dep_TCR-V_genomic_1000_CTGAGCCA_merged_2500000.clns,1139,8359,51,582512,0,0,218034,216895,TLML29gDNA_BL,0,0,0,0," 2.1.12,repseqio.v1.5",TLML_29_JC_baseline_TCR-J_Dep_TCR-V_genomic_1000_CTGAGCCA_merged_2500000.clns,689
94.56,0,3387,0,8118,0,0,0,TLML_29_JC_infusion_TCR-J_Dep_TCR-V_genomic_1000_CTCAATGA_merged_2500000extended_.vdjca,27676,752079, /mnt/work1/users/pughlab/projects/TLML/downsampling/dna/TLML_29_JC_infusion_TCR-J_Dep_TCR-V_genomic_1000_CTCAATGA_merged_2500000.clns,12105,22629,166,523905,0,0,779755,767650,TLML29gDNA_TIL,0,0,0,0," 2.1.12,repseqio.v1.5",TLML_29_JC_infusion_TCR-J_Dep_TCR-V_genomic_1000_CTCAATGA_merged_2500000.clns,1439
13.32,0,524,0,4639,0,0,0,TLML_4_JR_4W_TCR-JV_cDNA_32_GTGTTCTA_merged_170000extended_.vdjca,1835,61198, /mnt/work1/users/pughlab/projects/TLML/downsampling/cdna/TLML_4_JR_4W_TCR-JV_cDNA_32_GTGTTCTA_merged_170000.clns,1223,2582,7,47012,0,0,63033,61810,TLML4cDNA_4W,0,0,0,0," 2.1.12,repseqio.v1.5",TLML_4_JR_4W_TCR-JV_cDNA_32_GTGTTCTA_merged_170000.clns,2633
5.73,0,84,0,9345,0,0,0,TLML_4_JR_baseline2_TCR-JV_cDNA_42_GTCTGTCA_merged_170000extended_.vdjca,1464,52254, /mnt/work1/users/pughlab/projects/TLML/downsampling/cdna/TLML_4_JR_baseline2_TCR-JV_cDNA_42_GTCTGTCA_merged_170000.clns,169,3897,5,56529,0,0,53718,53549,TLML4cDNA_BL,0,0,0,0," 2.1.12,repseqio.v1.5",TLML_4_JR_baseline2_TCR-JV_cDNA_42_GTCTGTCA_merged_170000.clns,7136
18.82,0,543,0,3167,0,0,0,TLML_4_JR_FU1_TCR-JV_cDNA_15_TAGGATGA_merged_170000extended_.vdjca,1587,59411, /mnt/work1/users/pughlab/projects/TLML/downsampling/cdna/TLML_4_JR_FU1_TCR-JV_cDNA_15_TAGGATGA_merged_170000.clns,1400,1992,7,55122,0,0,60998,59598,TLML4cDNA_F1,0,0,0,0," 2.1.12,repseqio.v1.5",TLML_4_JR_FU1_TCR-JV_cDNA_15_TAGGATGA_merged_170000.clns,1589
5.39,0,471,0,12084,0,0,0,TLML_4_JR_infusion_TCR-JV_cDNA_13_GTCGTAGA_merged_170000extended_.vdjca,1635,64124, /mnt/work1/users/pughlab/projects/TLML/downsampling/cdna/TLML_4_JR_infusion_TCR-JV_cDNA_13_GTCGTAGA_merged_170000.clns,619,5365,8,46875,0,0,65759,65140,TLML4cDNA_TIL,0,0,0,0," 2.1.12,repseqio.v1.5",TLML_4_JR_infusion_TCR-JV_cDNA_13_GTCGTAGA_merged_170000.clns,5641
19.53,0,110,0,1098,0,0,0,17_02_TLML-004-JR-4W_TCR-J_D_TCR-V_cfDNA_150_AACTCACC_merged_1000000extended_.vdjca,1078,20527, /mnt/work1/users/pughlab/projects/TLML/downsampling/cfdna/17_02_TLML-004-JR-4W_TCR-J_D_TCR-V_cfDNA_150_AACTCACC_merged_1000000.clns,158,1653,5,903788,0,0,21605,21447,TLML4cfDNA_4W,0,0,0,0," 2.1.12,repseqio.v1.5",17_02_TLML-004-JR-4W_TCR-J_D_TCR-V_cfDNA_150_AACTCACC_merged_1000000.clns,189
3.66,0,0,0,148,0,0,0,17_02_TLML-004-JR-BL_TCR-J_D_TCR-V_cfDNA_150_TTCACGCA_merged_1000000extended_.vdjca,19,522, /mnt/work1/users/pughlab/projects/TLML/downsampling/cfdna/17_02_TLML-004-JR-BL_TCR-J_D_TCR-V_cfDNA_150_TTCACGCA_merged_1000000.clns,0,153,1,937560,0,0,541,541,TLML4cfDNA_BL,0,0,0,0," 2.1.12,repseqio.v1.5",17_02_TLML-004-JR-BL_TCR-J_D_TCR-V_cfDNA_150_TTCACGCA_merged_1000000.clns,21
133.2,0,2078,0,3364,0,0,0,TLML_4_JR_4W_TCR-J_Dep_TCR-V_genomic_1000_AACCGAGA_merged_2500000extended_.vdjca,17581,437703, /mnt/work1/users/pughlab/projects/TLML/downsampling/dna/TLML_4_JR_4W_TCR-J_Dep_TCR-V_genomic_1000_AACCGAGA_merged_2500000.clns,7187,13071,99,563966,0,0,455284,448097,TLML4gDNA_4W,0,0,0,0," 2.1.12,repseqio.v1.5",TLML_4_JR_4W_TCR-J_Dep_TCR-V_genomic_1000_AACCGAGA_merged_2500000.clns,592
39.99,0,639,0,3951,0,0,0,TLML_4_JR_baseline2_TCR-J_Dep_TCR-V_genomic_1000_AACAACCA_merged_2500000extended_.vdjca,5442,153396, /mnt/work1/users/pughlab/projects/TLML/downsampling/dna/TLML_4_JR_baseline2_TCR-J_Dep_TCR-V_genomic_1000_AACAACCA_merged_2500000.clns,857,6542,24,577358,0,0,158838,157981,TLML4gDNA_BL,0,0,0,0," 2.1.12,repseqio.v1.5",TLML_4_JR_baseline2_TCR-J_Dep_TCR-V_genomic_1000_AACAACCA_merged_2500000.clns,734
267.78,0,2680,0,2414,0,0,0,TLML_4_JR_FU1_TCR-J_Dep_TCR-V_genomic_1000_AACGCTTA_merged_2500000extended_.vdjca,20294,642801, /mnt/work1/users/pughlab/projects/TLML/downsampling/dna/TLML_4_JR_FU1_TCR-J_Dep_TCR-V_genomic_1000_AACGCTTA_merged_2500000.clns,16676,12488,114,551004,0,0,663095,646419,TLML4gDNA_F1,0,0,0,0," 2.1.12,repseqio.v1.5",TLML_4_JR_FU1_TCR-J_Dep_TCR-V_genomic_1000_AACGCTTA_merged_2500000.clns,455
80.48,0,3912,0,10569,0,0,0,TLML_4_JR_infusion_TCR-J_Dep_TCR-V_genomic_1000_AGTACAAG_merged_2500000extended_.vdjca,31059,827603, /mnt/work1/users/pughlab/projects/TLML/downsampling/dna/TLML_4_JR_infusion_TCR-J_Dep_TCR-V_genomic_1000_AGTACAAG_merged_2500000.clns,8078,27175,148,522153,0,0,858662,850584,TLML4gDNA_TIL,0,0,0,0," 2.1.12,repseqio.v1.5",TLML_4_JR_infusion_TCR-J_Dep_TCR-V_genomic_1000_AGTACAAG_merged_2500000.clns,1806
4.81,0,112,0,11802,0,0,0,TLML_7_AL_12W_TCR-JV_cDNA_35_TGAAGAGA_merged_170000extended_.vdjca,1388,55666, /mnt/work1/users/pughlab/projects/TLML/downsampling/cdna/TLML_7_AL_12W_TCR-JV_cDNA_35_TGAAGAGA_merged_170000.clns,293,4670,10,51721,0,0,57054,56761,TLML7cDNA_12W,0,0,0,0," 2.1.12,repseqio.v1.5",TLML_7_AL_12W_TCR-JV_cDNA_35_TGAAGAGA_merged_170000.clns,6871
3.4,0,219,0,17347,0,0,0,TLML_7_AL_4W_TCR-JV_cDNA_37_TCTTCACA_merged_170000extended_.vdjca,1202,58250, /mnt/work1/users/pughlab/projects/TLML/downsampling/cdna/TLML_7_AL_4W_TCR-JV_cDNA_37_TCTTCACA_merged_170000.clns,421,6361,3,50803,0,0,59452,59031,TLML7cDNA_4W,0,0,0,0," 2.1.12,repseqio.v1.5",TLML_7_AL_4W_TCR-JV_cDNA_37_TCTTCACA_merged_170000.clns,9225
1.7,0,85,0,29347,0,0,0,TLML_7_AL_apheresis_TCR-JV_cDNA_21_TCCGTCTA_merged_170000extended_.vdjca,702,49386, /mnt/work1/users/pughlab/projects/TLML/downsampling/cdna/TLML_7_AL_apheresis_TCR-JV_cDNA_21_TCCGTCTA_merged_170000.clns,96,12735,6,56882,0,0,50088,49992,TLML7cDNA_BL,0,0,0,0," 2.1.12,repseqio.v1.5",TLML_7_AL_apheresis_TCR-JV_cDNA_21_TCCGTCTA_merged_170000.clns,18286
2.5,0,216,0,24245,0,0,0,TLML_7_AL_infusion_TCR-JV_cDNA_25_TATCAGCA_merged_170000extended_.vdjca,1118,59692, /mnt/work1/users/pughlab/projects/TLML/downsampling/cdna/TLML_7_AL_infusion_TCR-JV_cDNA_25_TATCAGCA_merged_170000.clns,251,8712,9,51066,0,0,60810,60559,TLML7cDNA_TIL,0,0,0,0," 2.1.12,repseqio.v1.5",TLML_7_AL_infusion_TCR-JV_cDNA_25_TATCAGCA_merged_170000.clns,13405
46.38,0,1142,0,5681,0,0,0,TLML_7_AL_12W_TCR-J_Dep_TCR-V_genomic_1000_ACAGCAGA_merged_2500000extended_.vdjca,9553,255369, /mnt/work1/users/pughlab/projects/TLML/downsampling/dna/TLML_7_AL_12W_TCR-J_Dep_TCR-V_genomic_1000_ACAGCAGA_merged_2500000.clns,1428,11310,72,583049,0,0,264922,263494,TLML7gDNA_12W,0,0,0,0," 2.1.12,repseqio.v1.5",TLML_7_AL_12W_TCR-J_Dep_TCR-V_genomic_1000_ACAGCAGA_merged_2500000.clns,915
35.61,0,37,0,324,0,0,0,TLML_7_AL_17W_TCR-J_Dep_TCR-V_genomic_1000_ACCTCCAA_merged_2500000extended_.vdjca,452,11125, /mnt/work1/users/pughlab/projects/TLML/downsampling/dna/TLML_7_AL_17W_TCR-J_Dep_TCR-V_genomic_1000_ACCTCCAA_merged_2500000.clns,38,598,0,592999,0,0,11577,11539,TLML7gDNA_17W,0,0,0,0," 2.1.12,repseqio.v1.5",TLML_7_AL_17W_TCR-J_Dep_TCR-V_genomic_1000_ACCTCCAA_merged_2500000.clns,51
58.14,0,2148,0,7944,0,0,0,TLML_7_AL_4W_TCR-J_Dep_TCR-V_genomic_1000_ACACAGAA_merged_2500000extended_.vdjca,16678,448311, /mnt/work1/users/pughlab/projects/TLML/downsampling/dna/TLML_7_AL_4W_TCR-J_Dep_TCR-V_genomic_1000_ACACAGAA_merged_2500000.clns,3101,16403,103,570748,0,0,464989,461888,TLML7gDNA_4W,0,0,0,0," 2.1.12,repseqio.v1.5",TLML_7_AL_4W_TCR-J_Dep_TCR-V_genomic_1000_ACACAGAA_merged_2500000.clns,1327
37.78,0,2097,0,13283,0,0,0,TLML_7_AL_apheresis_TCR-J_Dep_TCR-V_genomic_1000_AAGGTACA_merged_2500000extended_.vdjca,16769,487483, /mnt/work1/users/pughlab/projects/TLML/downsampling/dna/TLML_7_AL_apheresis_TCR-J_Dep_TCR-V_genomic_1000_AAGGTACA_merged_2500000.clns,2474,19569,93,560673,0,0,504252,501778,TLML7gDNA_BL,0,0,0,0," 2.1.12,repseqio.v1.5",TLML_7_AL_apheresis_TCR-J_Dep_TCR-V_genomic_1000_AAGGTACA_merged_2500000.clns,1891
120.77,0,3787,0,7128,0,0,0,TLML_7_AL_infusion_TCR-J_Dep_TCR-V_genomic_1000_AAGACGGA_merged_2500000extended_.vdjca,38285,827909, /mnt/work1/users/pughlab/projects/TLML/downsampling/dna/TLML_7_AL_infusion_TCR-J_Dep_TCR-V_genomic_1000_AAGACGGA_merged_2500000.clns,5354,34688,160,550846,0,0,866194,860840,TLML7gDNA_TIL,0,0,0,0," 2.1.12,repseqio.v1.5",TLML_7_AL_infusion_TCR-J_Dep_TCR-V_genomic_1000_AAGACGGA_merged_2500000.clns,1228