filename,total,out_of_frame,stopcodon,productive,ID
cfDNA/CLONES_TRBTLDC_1_/CLONES_TRB17_02_TLDC-001-VM-4W_TCR-J_D_TCR-V_cfDNA_252_AGTGGTCA_merged_1000000.txt,371,75,10,286,CLONES_TRB17_02_TLDC-001-VM-4W_TCR-J_D_TCR-V_cfDNA_252_AGTGGTCA_merged_1000000.txt
cfDNA/CLONES_TRBTLDC_1_/CLONES_TRB17_02_TLDC-001-VM-BL_TCR-J_D_TCR-V_cfDNA_69_ATGCCTAA_merged_1000000.txt,25,1,0,24,CLONES_TRB17_02_TLDC-001-VM-BL_TCR-J_D_TCR-V_cfDNA_69_ATGCCTAA_merged_1000000.txt
cfDNA/CLONES_TRBTLML_4_/CLONES_TRB17_02_TLML-004-JR-4W_TCR-J_D_TCR-V_cfDNA_150_AACTCACC_merged_1000000.txt,247,54,4,189,CLONES_TRB17_02_TLML-004-JR-4W_TCR-J_D_TCR-V_cfDNA_150_AACTCACC_merged_1000000.txt
cfDNA/CLONES_TRBTLML_4_/CLONES_TRB17_02_TLML-004-JR-BL_TCR-J_D_TCR-V_cfDNA_150_TTCACGCA_merged_1000000.txt,23,1,1,21,CLONES_TRB17_02_TLML-004-JR-BL_TCR-J_D_TCR-V_cfDNA_150_TTCACGCA_merged_1000000.txt
cfDNA/CLONES_TRBTLML_16/CLONES_TRB17_02_TLML-016-MT-4W_TCR-J_D_TCR-V_cfDNA_342_ACAGATTC_merged_1000000.txt,47,11,2,34,CLONES_TRB17_02_TLML-016-MT-4W_TCR-J_D_TCR-V_cfDNA_342_ACAGATTC_merged_1000000.txt
cfDNA/CLONES_TRBTLML_16/CLONES_TRB17_02_TLML-016-MT-BL_TCR-J_D_TCR-V_cfDNA_132_ACACGACC_merged_1000000.txt,28,4,0,24,CLONES_TRB17_02_TLML-016-MT-BL_TCR-J_D_TCR-V_cfDNA_132_ACACGACC_merged_1000000.txt
cDNA/CLONES_TRBTLML_26/CLONES_TRB17_02_TLML-019-FT-4W_TCR-J_D_TCR-V_cDNA_88_TCTTCACA_merged_170000.txt,1322,109,14,1199,CLONES_TRB17_02_TLML-019-FT-4W_TCR-J_D_TCR-V_cDNA_88_TCTTCACA_merged_170000.txt
cfDNA/CLONES_TRBTLML_26/CLONES_TRB17_02_TLML-019-FT-4W_TCR-J_D_TCR-V_cfDNA_48_AGCACCTC_merged_1000000.txt,60,12,3,45,CLONES_TRB17_02_TLML-019-FT-4W_TCR-J_D_TCR-V_cfDNA_48_AGCACCTC_merged_1000000.txt
cDNA/CLONES_TRBTLML_26/CLONES_TRB17_02_TLML-019-FT-BL_TCR-J_D_TCR-V_cDNA_31_TCCGTCTA_merged_170000.txt,9807,630,51,9126,CLONES_TRB17_02_TLML-019-FT-BL_TCR-J_D_TCR-V_cDNA_31_TCCGTCTA_merged_170000.txt
cfDNA/CLONES_TRBTLML_26/CLONES_TRB17_02_TLML-019-FT-BL_TCR-J_D_TCR-V_cfDNA_66_AGATGTAC_merged_1000000.txt,54,14,0,40,CLONES_TRB17_02_TLML-019-FT-BL_TCR-J_D_TCR-V_cfDNA_66_AGATGTAC_merged_1000000.txt
cfDNA/CLONES_TRBTLML_20/CLONES_TRB17_02_TLML-020-TB-4W_TCR-J_D_TCR-V_cfDNA_263_AATGTTGC_merged_1000000.txt,270,54,3,213,CLONES_TRB17_02_TLML-020-TB-4W_TCR-J_D_TCR-V_cfDNA_263_AATGTTGC_merged_1000000.txt
cfDNA/CLONES_TRBTLML_20/CLONES_TRB17_02_TLML-020-TB-BL_TCR-J_D_TCR-V_cfDNA_74_AATCCGTC_merged_1000000.txt,30,7,0,23,CLONES_TRB17_02_TLML-020-TB-BL_TCR-J_D_TCR-V_cfDNA_74_AATCCGTC_merged_1000000.txt
cfDNA/CLONES_TRBTLML_22/CLONES_TRB17_02_TLML-022-PJ-4W_TCR-J_D_TCR-V_cfDNA_690_AAGGACAC_merged_1000000.txt,260,57,2,201,CLONES_TRB17_02_TLML-022-PJ-4W_TCR-J_D_TCR-V_cfDNA_690_AAGGACAC_merged_1000000.txt
cfDNA/CLONES_TRBTLML_22/CLONES_TRB17_02_TLML-022-PJ-BL_TCR-J_D_TCR-V_cfDNA_882_AAGAGATC_merged_1000000.txt,115,13,1,101,CLONES_TRB17_02_TLML-022-PJ-BL_TCR-J_D_TCR-V_cfDNA_882_AAGAGATC_merged_1000000.txt
cfDNA/CLONES_TRBTLML_29/CLONES_TRB17_02_TLML-029-JC-4W_TCR-J_D_TCR-V_cfDNA_600_AGGCTAAC_merged_1000000.txt,51,7,0,44,CLONES_TRB17_02_TLML-029-JC-4W_TCR-J_D_TCR-V_cfDNA_600_AGGCTAAC_merged_1000000.txt
cfDNA/CLONES_TRBTLML_29/CLONES_TRB17_02_TLML-029-JC-BL_TCR-J_D_TCR-V_cfDNA_138_AGCCATGC_merged_1000000.txt,30,5,0,25,CLONES_TRB17_02_TLML-029-JC-BL_TCR-J_D_TCR-V_cfDNA_138_AGCCATGC_merged_1000000.txt
gDNA/CLONES_TRBTLDC_1_/CLONES_TRBTLDC_1_VM_4W_TCR-J_Dep_TCR-V_genomic_1000_ATGCCTAA_merged_2500000.txt,1267,227,30,1010,CLONES_TRBTLDC_1_VM_4W_TCR-J_Dep_TCR-V_genomic_1000_ATGCCTAA_merged_2500000.txt
cDNA/CLONES_TRBTLDC_1_/CLONES_TRBTLDC_1_VM_4W_TCR-JV_cDNA_20_GAGCTGAA_merged_170000.txt,4614,155,21,4438,CLONES_TRBTLDC_1_VM_4W_TCR-JV_cDNA_20_GAGCTGAA_merged_170000.txt
gDNA/CLONES_TRBTLDC_1_/CLONES_TRBTLDC_1_VM_baseline_TCR-J_Dep_TCR-V_genomic_1000_AAACATCG_merged_2500000.txt,1183,229,21,933,CLONES_TRBTLDC_1_VM_baseline_TCR-J_Dep_TCR-V_genomic_1000_AAACATCG_merged_2500000.txt
cDNA/CLONES_TRBTLDC_1_/CLONES_TRBTLDC_1_VM_baseline_TCR-JV_cDNA_13_CAAGACTA_merged_170000.txt,7515,282,22,7211,CLONES_TRBTLDC_1_VM_baseline_TCR-JV_cDNA_13_CAAGACTA_merged_170000.txt
gDNA/CLONES_TRBTLDC_1_/CLONES_TRBTLDC_1_VM_infusion_TCR-J_Dep_TCR-V_genomic_1000_AACGTGAT_merged_2500000.txt,476,107,12,357,CLONES_TRBTLDC_1_VM_infusion_TCR-J_Dep_TCR-V_genomic_1000_AACGTGAT_merged_2500000.txt
cDNA/CLONES_TRBTLDC_1_/CLONES_TRBTLDC_1_VM_infusion_TCR-JV_cDNA_27_GAATCTGA_merged_170000.txt,898,60,7,831,CLONES_TRBTLDC_1_VM_infusion_TCR-JV_cDNA_27_GAATCTGA_merged_170000.txt
cDNA/CLONES_TRBTLML_1_/CLONES_TRBTLML_1_AT_4W_TCR-JV_cDNA_69_GATAGACA_merged_170000.txt,5057,171,17,4869,CLONES_TRBTLML_1_AT_4W_TCR-JV_cDNA_69_GATAGACA_merged_170000.txt
cDNA/CLONES_TRBTLML_1_/CLONES_TRBTLML_1_AT_FU10_TCR-JV_cDNA_33_GCTAACGA_merged_170000.txt,7917,271,27,7619,CLONES_TRBTLML_1_AT_FU10_TCR-JV_cDNA_33_GCTAACGA_merged_170000.txt
cDNA/CLONES_TRBTLML_1_/CLONES_TRBTLML_1_AT_FU12_TCR-JV_cDNA_24_GCTCGGTA_merged_170000.txt,5896,230,20,5646,CLONES_TRBTLML_1_AT_FU12_TCR-JV_cDNA_24_GCTCGGTA_merged_170000.txt
cDNA/CLONES_TRBTLML_1_/CLONES_TRBTLML_1_AT_FU13_TCR-JV_cDNA_21_GGAGAACA_merged_170000.txt,9951,335,30,9586,CLONES_TRBTLML_1_AT_FU13_TCR-JV_cDNA_21_GGAGAACA_merged_170000.txt
cDNA/CLONES_TRBTLML_1_/CLONES_TRBTLML_1_AT_FU16_TCR-JV_cDNA_13_GTACGCAA_merged_170000.txt,7256,263,32,6961,CLONES_TRBTLML_1_AT_FU16_TCR-JV_cDNA_13_GTACGCAA_merged_170000.txt
cDNA/CLONES_TRBTLML_1_/CLONES_TRBTLML_1_AT_FU7_TCR-JV_cDNA_18_GCCACATA_merged_170000.txt,11389,361,36,10992,CLONES_TRBTLML_1_AT_FU7_TCR-JV_cDNA_18_GCCACATA_merged_170000.txt
gDNA/CLONES_TRBTLML_16/CLONES_TRBTLML_16_MT_4W_TCR-J_Dep_TCR-V_genomic_1000_ACTATGCA_merged_2500000.txt,255,46,9,200,CLONES_TRBTLML_16_MT_4W_TCR-J_Dep_TCR-V_genomic_1000_ACTATGCA_merged_2500000.txt
gDNA/CLONES_TRBTLML_16/CLONES_TRBTLML_16_MT_baseline_TCR-J_Dep_TCR-V_genomic_1000_ACGTATCA_merged_2500000.txt,1622,318,31,1273,CLONES_TRBTLML_16_MT_baseline_TCR-J_Dep_TCR-V_genomic_1000_ACGTATCA_merged_2500000.txt
cDNA/CLONES_TRBTLML_16/CLONES_TRBTLML_16_MT_baseline_TCR-JV_cDNA_19_TGGTGGTA_merged_170000.txt,10072,385,45,9642,CLONES_TRBTLML_16_MT_baseline_TCR-JV_cDNA_19_TGGTGGTA_merged_170000.txt
gDNA/CLONES_TRBTLML_16/CLONES_TRBTLML_16_MT_FU1_TCR-J_Dep_TCR-V_genomic_1000_AGAGTCAA_merged_2500000.txt,371,83,8,280,CLONES_TRBTLML_16_MT_FU1_TCR-J_Dep_TCR-V_genomic_1000_AGAGTCAA_merged_2500000.txt
cDNA/CLONES_TRBTLML_16/CLONES_TRBTLML_16_MT_FU1_TCR-JV_cDNA_20_AACTCACC_merged_170000.txt,2424,109,16,2299,CLONES_TRBTLML_16_MT_FU1_TCR-JV_cDNA_20_AACTCACC_merged_170000.txt
gDNA/CLONES_TRBTLML_16/CLONES_TRBTLML_16_MT_FU2_TCR-J_Dep_TCR-V_genomic_1000_AGATCGCA_merged_2500000.txt,305,68,6,231,CLONES_TRBTLML_16_MT_FU2_TCR-J_Dep_TCR-V_genomic_1000_AGATCGCA_merged_2500000.txt
cDNA/CLONES_TRBTLML_16/CLONES_TRBTLML_16_MT_FU2_TCR-JV_cDNA_28_AAGAGATC_merged_170000.txt,1549,81,9,1459,CLONES_TRBTLML_16_MT_FU2_TCR-JV_cDNA_28_AAGAGATC_merged_170000.txt
gDNA/CLONES_TRBTLML_16/CLONES_TRBTLML_16_MT_FU3_TCR-J_Dep_TCR-V_genomic_1000_AGCAGGAA_merged_2500000.txt,295,44,4,247,CLONES_TRBTLML_16_MT_FU3_TCR-J_Dep_TCR-V_genomic_1000_AGCAGGAA_merged_2500000.txt
cDNA/CLONES_TRBTLML_16/CLONES_TRBTLML_16_MT_FU3_TCR-JV_cDNA_20_AAGGACAC_merged_170000.txt,1497,74,2,1421,CLONES_TRBTLML_16_MT_FU3_TCR-JV_cDNA_20_AAGGACAC_merged_170000.txt
gDNA/CLONES_TRBTLML_16/CLONES_TRBTLML_16_MT_FU4_TCR-J_Dep_TCR-V_genomic_1000_AGTCACTA_merged_2500000.txt,455,98,8,349,CLONES_TRBTLML_16_MT_FU4_TCR-J_Dep_TCR-V_genomic_1000_AGTCACTA_merged_2500000.txt
cDNA/CLONES_TRBTLML_16/CLONES_TRBTLML_16_MT_FU4_TCR-JV_cDNA_27_AATCCGTC_merged_170000.txt,1939,90,12,1837,CLONES_TRBTLML_16_MT_FU4_TCR-JV_cDNA_27_AATCCGTC_merged_170000.txt
gDNA/CLONES_TRBTLML_16/CLONES_TRBTLML_16_MT_FU5_TCR-J_Dep_TCR-V_genomic_1000_ATCCTGTA_merged_2500000.txt,384,94,6,284,CLONES_TRBTLML_16_MT_FU5_TCR-J_Dep_TCR-V_genomic_1000_ATCCTGTA_merged_2500000.txt
cDNA/CLONES_TRBTLML_16/CLONES_TRBTLML_16_MT_FU5_TCR-JV_cDNA_34_AATGTTGC_merged_170000.txt,3144,142,14,2988,CLONES_TRBTLML_16_MT_FU5_TCR-JV_cDNA_34_AATGTTGC_merged_170000.txt
gDNA/CLONES_TRBTLML_16/CLONES_TRBTLML_16_MT_infusion_TCR-J_Dep_TCR-V_genomic_1000_ACGCTCGA_merged_2500000.txt,896,183,22,691,CLONES_TRBTLML_16_MT_infusion_TCR-J_Dep_TCR-V_genomic_1000_ACGCTCGA_merged_2500000.txt
cDNA/CLONES_TRBTLML_16/CLONES_TRBTLML_16_MT_infusion_TCR-JV_cDNA_15_TGGCTTCA_merged_170000.txt,1765,74,5,1686,CLONES_TRBTLML_16_MT_infusion_TCR-JV_cDNA_15_TGGCTTCA_merged_170000.txt
gDNA/CLONES_TRBTLML_18/CLONES_TRBTLML_18_CKN_4W_TCR-J_Dep_TCR-V_genomic_1000_GACTAGTA_merged_2500000.txt,317,80,7,230,CLONES_TRBTLML_18_CKN_4W_TCR-J_Dep_TCR-V_genomic_1000_GACTAGTA_merged_2500000.txt
cDNA/CLONES_TRBTLML_18/CLONES_TRBTLML_18_CKN_4W_TCR-JV_cDNA_34_AGATGTAC_merged_170000.txt,1628,92,8,1528,CLONES_TRBTLML_18_CKN_4W_TCR-JV_cDNA_34_AGATGTAC_merged_170000.txt
gDNA/CLONES_TRBTLML_18/CLONES_TRBTLML_18_CKN_apheresis_TCR-J_Dep_TCR-V_genomic_1000_CAACCACA_merged_2500000.txt,729,147,27,555,CLONES_TRBTLML_18_CKN_apheresis_TCR-J_Dep_TCR-V_genomic_1000_CAACCACA_merged_2500000.txt
cDNA/CLONES_TRBTLML_18/CLONES_TRBTLML_18_CKN_apheresis_TCR-JV_cDNA_57_ACAGATTC_merged_170000.txt,8889,334,48,8507,CLONES_TRBTLML_18_CKN_apheresis_TCR-JV_cDNA_57_ACAGATTC_merged_170000.txt
gDNA/CLONES_TRBTLML_18/CLONES_TRBTLML_18_CKN_infusion_TCR-J_Dep_TCR-V_genomic_500_ATTGAGGA_merged_2500000.txt,486,121,15,350,CLONES_TRBTLML_18_CKN_infusion_TCR-J_Dep_TCR-V_genomic_500_ATTGAGGA_merged_2500000.txt
cDNA/CLONES_TRBTLML_18/CLONES_TRBTLML_18_CKN_infusion_TCR-JV_cDNA_13_ACACGACC_merged_170000.txt,959,59,8,892,CLONES_TRBTLML_18_CKN_infusion_TCR-JV_cDNA_13_ACACGACC_merged_170000.txt
gDNA/CLONES_TRBTLML_20/CLONES_TRBTLML_20_TB_4W_TCR-J_Dep_TCR-V_genomic_1000_CAGCGTTA_merged_2500000.txt,954,195,19,740,CLONES_TRBTLML_20_TB_4W_TCR-J_Dep_TCR-V_genomic_1000_CAGCGTTA_merged_2500000.txt
cDNA/CLONES_TRBTLML_20/CLONES_TRBTLML_20_TB_4W_TCR-JV_cDNA_14_AGGCTAAC_merged_170000.txt,2478,122,8,2348,CLONES_TRBTLML_20_TB_4W_TCR-JV_cDNA_14_AGGCTAAC_merged_170000.txt
gDNA/CLONES_TRBTLML_20/CLONES_TRBTLML_20_TB_baseline2_TCR-J_Dep_TCR-V_genomic_1000_CACTTCGA_merged_2500000.txt,1371,284,27,1060,CLONES_TRBTLML_20_TB_baseline2_TCR-J_Dep_TCR-V_genomic_1000_CACTTCGA_merged_2500000.txt
cDNA/CLONES_TRBTLML_20/CLONES_TRBTLML_20_TB_baseline2_TCR-JV_cDNA_13_AGCCATGC_merged_170000.txt,10536,315,44,10177,CLONES_TRBTLML_20_TB_baseline2_TCR-JV_cDNA_13_AGCCATGC_merged_170000.txt
gDNA/CLONES_TRBTLML_20/CLONES_TRBTLML_20_TB_FU1_TCR-J_Dep_TCR-V_genomic_1000_CATACCAA_merged_2500000.txt,996,214,14,768,CLONES_TRBTLML_20_TB_FU1_TCR-J_Dep_TCR-V_genomic_1000_CATACCAA_merged_2500000.txt
cDNA/CLONES_TRBTLML_20/CLONES_TRBTLML_20_TB_FU1_TCR-JV_cDNA_18_ATAGCGAC_merged_170000.txt,5517,239,22,5256,CLONES_TRBTLML_20_TB_FU1_TCR-JV_cDNA_18_ATAGCGAC_merged_170000.txt
gDNA/CLONES_TRBTLML_20/CLONES_TRBTLML_20_TB_FU2_TCR-J_Dep_TCR-V_genomic_1000_CCAGTTCA_merged_2500000.txt,907,195,22,690,CLONES_TRBTLML_20_TB_FU2_TCR-J_Dep_TCR-V_genomic_1000_CCAGTTCA_merged_2500000.txt
cDNA/CLONES_TRBTLML_20/CLONES_TRBTLML_20_TB_FU2_TCR-JV_cDNA_25_ATCATTCC_merged_170000.txt,7714,250,28,7436,CLONES_TRBTLML_20_TB_FU2_TCR-JV_cDNA_25_ATCATTCC_merged_170000.txt
gDNA/CLONES_TRBTLML_20/CLONES_TRBTLML_20_TB_infusion_TCR-J_Dep_TCR-V_genomic_1000_CAATGGAA_merged_2500000.txt,1508,312,35,1161,CLONES_TRBTLML_20_TB_infusion_TCR-J_Dep_TCR-V_genomic_1000_CAATGGAA_merged_2500000.txt
cDNA/CLONES_TRBTLML_20/CLONES_TRBTLML_20_TB_infusion_TCR-JV_cDNA_97_AGCACCTC_merged_170000.txt,3451,175,21,3255,CLONES_TRBTLML_20_TB_infusion_TCR-JV_cDNA_97_AGCACCTC_merged_170000.txt
gDNA/CLONES_TRBTLML_22/CLONES_TRBTLML_22_PJ_4W_TCR-J_Dep_TCR-V_genomic_1000_CCTCCTGA_merged_2500000.txt,663,153,9,501,CLONES_TRBTLML_22_PJ_4W_TCR-J_Dep_TCR-V_genomic_1000_CCTCCTGA_merged_2500000.txt
cDNA/CLONES_TRBTLML_22/CLONES_TRBTLML_22_PJ_4W_TCR-JV_cDNA_21_CACCTTAC_merged_170000.txt,1633,127,10,1496,CLONES_TRBTLML_22_PJ_4W_TCR-JV_cDNA_21_CACCTTAC_merged_170000.txt
gDNA/CLONES_TRBTLML_22/CLONES_TRBTLML_22_PJ_baseline_TCR-J_Dep_TCR-V_genomic_1000_CCGTGAGA_merged_2500000.txt,465,102,11,352,CLONES_TRBTLML_22_PJ_baseline_TCR-J_Dep_TCR-V_genomic_1000_CCGTGAGA_merged_2500000.txt
gDNA/CLONES_TRBTLML_22/CLONES_TRBTLML_22_PJ_FU1_TCR-J_Dep_TCR-V_genomic_1000_CGAACTTA_merged_2500000.txt,611,153,8,450,CLONES_TRBTLML_22_PJ_FU1_TCR-J_Dep_TCR-V_genomic_1000_CGAACTTA_merged_2500000.txt
cDNA/CLONES_TRBTLML_22/CLONES_TRBTLML_22_PJ_FU1_TCR-JV_cDNA_16_CCATCCTC_merged_170000.txt,2094,145,10,1939,CLONES_TRBTLML_22_PJ_FU1_TCR-JV_cDNA_16_CCATCCTC_merged_170000.txt
gDNA/CLONES_TRBTLML_22/CLONES_TRBTLML_22_PJ_FU2_TCR-J_Dep_TCR-V_genomic_1000_CGACTGGA_merged_2500000.txt,742,192,13,537,CLONES_TRBTLML_22_PJ_FU2_TCR-J_Dep_TCR-V_genomic_1000_CGACTGGA_merged_2500000.txt
cDNA/CLONES_TRBTLML_22/CLONES_TRBTLML_22_PJ_FU2_TCR-JV_cDNA_13_CCGACAAC_merged_170000.txt,2694,177,16,2501,CLONES_TRBTLML_22_PJ_FU2_TCR-JV_cDNA_13_CCGACAAC_merged_170000.txt
gDNA/CLONES_TRBTLML_22/CLONES_TRBTLML_22_PJ_FU3_TCR-J_Dep_TCR-V_genomic_1000_CGCATACA_merged_2500000.txt,833,204,14,615,CLONES_TRBTLML_22_PJ_FU3_TCR-J_Dep_TCR-V_genomic_1000_CGCATACA_merged_2500000.txt
cDNA/CLONES_TRBTLML_22/CLONES_TRBTLML_22_PJ_FU3_TCR-JV_cDNA_16_CCTAATCC_merged_170000.txt,2560,177,14,2369,CLONES_TRBTLML_22_PJ_FU3_TCR-JV_cDNA_16_CCTAATCC_merged_170000.txt
gDNA/CLONES_TRBTLML_22/CLONES_TRBTLML_22_PJ_infusion_TCR-J_Dep_TCR-V_genomic_1000_CCGAAGTA_merged_2500000.txt,1150,276,23,851,CLONES_TRBTLML_22_PJ_infusion_TCR-J_Dep_TCR-V_genomic_1000_CCGAAGTA_merged_2500000.txt
cDNA/CLONES_TRBTLML_22/CLONES_TRBTLML_22_PJ_infusion_TCR-JV_cDNA_18_ATTGGCTC_merged_170000.txt,2920,153,11,2756,CLONES_TRBTLML_22_PJ_infusion_TCR-JV_cDNA_18_ATTGGCTC_merged_170000.txt
gDNA/CLONES_TRBTLML_29/CLONES_TRBTLML_29_JC_4W_TCR-J_Dep_TCR-V_genomic_1000_CTGGCATA_merged_2500000.txt,856,180,15,661,CLONES_TRBTLML_29_JC_4W_TCR-J_Dep_TCR-V_genomic_1000_CTGGCATA_merged_2500000.txt
cDNA/CLONES_TRBTLML_29/CLONES_TRBTLML_29_JC_4W_TCR-JV_cDNA_25_CGGATTGC_merged_170000.txt,4992,235,16,4741,CLONES_TRBTLML_29_JC_4W_TCR-JV_cDNA_25_CGGATTGC_merged_170000.txt
gDNA/CLONES_TRBTLML_29/CLONES_TRBTLML_29_JC_baseline_TCR-J_Dep_TCR-V_genomic_1000_CTGAGCCA_merged_2500000.txt,860,159,12,689,CLONES_TRBTLML_29_JC_baseline_TCR-J_Dep_TCR-V_genomic_1000_CTGAGCCA_merged_2500000.txt
cDNA/CLONES_TRBTLML_29/CLONES_TRBTLML_29_JC_baseline_TCR-JV_cDNA_18_CGACACAC_merged_170000.txt,6441,242,28,6171,CLONES_TRBTLML_29_JC_baseline_TCR-JV_cDNA_18_CGACACAC_merged_170000.txt
gDNA/CLONES_TRBTLML_29/CLONES_TRBTLML_29_JC_infusion_TCR-J_Dep_TCR-V_genomic_1000_CTCAATGA_merged_2500000.txt,1841,368,34,1439,CLONES_TRBTLML_29_JC_infusion_TCR-J_Dep_TCR-V_genomic_1000_CTCAATGA_merged_2500000.txt
cDNA/CLONES_TRBTLML_29/CLONES_TRBTLML_29_JC_infusion_TCR-JV_cDNA_13_CCTCTATC_merged_170000.txt,4619,152,19,4448,CLONES_TRBTLML_29_JC_infusion_TCR-JV_cDNA_13_CCTCTATC_merged_170000.txt
gDNA/CLONES_TRBTLML_4_/CLONES_TRBTLML_4_JR_4W_TCR-J_Dep_TCR-V_genomic_1000_AACCGAGA_merged_2500000.txt,756,148,16,592,CLONES_TRBTLML_4_JR_4W_TCR-J_Dep_TCR-V_genomic_1000_AACCGAGA_merged_2500000.txt
cDNA/CLONES_TRBTLML_4_/CLONES_TRBTLML_4_JR_4W_TCR-JV_cDNA_32_GTGTTCTA_merged_170000.txt,2767,122,12,2633,CLONES_TRBTLML_4_JR_4W_TCR-JV_cDNA_32_GTGTTCTA_merged_170000.txt
gDNA/CLONES_TRBTLML_4_/CLONES_TRBTLML_4_JR_baseline2_TCR-J_Dep_TCR-V_genomic_1000_AACAACCA_merged_2500000.txt,905,158,13,734,CLONES_TRBTLML_4_JR_baseline2_TCR-J_Dep_TCR-V_genomic_1000_AACAACCA_merged_2500000.txt
cDNA/CLONES_TRBTLML_4_/CLONES_TRBTLML_4_JR_baseline2_TCR-JV_cDNA_42_GTCTGTCA_merged_170000.txt,7360,198,26,7136,CLONES_TRBTLML_4_JR_baseline2_TCR-JV_cDNA_42_GTCTGTCA_merged_170000.txt
gDNA/CLONES_TRBTLML_4_/CLONES_TRBTLML_4_JR_FU1_TCR-J_Dep_TCR-V_genomic_1000_AACGCTTA_merged_2500000.txt,582,112,15,455,CLONES_TRBTLML_4_JR_FU1_TCR-J_Dep_TCR-V_genomic_1000_AACGCTTA_merged_2500000.txt
cDNA/CLONES_TRBTLML_4_/CLONES_TRBTLML_4_JR_FU1_TCR-JV_cDNA_15_TAGGATGA_merged_170000.txt,1701,100,12,1589,CLONES_TRBTLML_4_JR_FU1_TCR-JV_cDNA_15_TAGGATGA_merged_170000.txt
gDNA/CLONES_TRBTLML_4_/CLONES_TRBTLML_4_JR_infusion_TCR-J_Dep_TCR-V_genomic_1000_AGTACAAG_merged_2500000.txt,2333,489,38,1806,CLONES_TRBTLML_4_JR_infusion_TCR-J_Dep_TCR-V_genomic_1000_AGTACAAG_merged_2500000.txt
cDNA/CLONES_TRBTLML_4_/CLONES_TRBTLML_4_JR_infusion_TCR-JV_cDNA_13_GTCGTAGA_merged_170000.txt,5902,235,26,5641,CLONES_TRBTLML_4_JR_infusion_TCR-JV_cDNA_13_GTCGTAGA_merged_170000.txt
gDNA/CLONES_TRBTLML_7_/CLONES_TRBTLML_7_AL_12W_TCR-J_Dep_TCR-V_genomic_1000_ACAGCAGA_merged_2500000.txt,1160,219,26,915,CLONES_TRBTLML_7_AL_12W_TCR-J_Dep_TCR-V_genomic_1000_ACAGCAGA_merged_2500000.txt
cDNA/CLONES_TRBTLML_7_/CLONES_TRBTLML_7_AL_12W_TCR-JV_cDNA_35_TGAAGAGA_merged_170000.txt,7140,236,33,6871,CLONES_TRBTLML_7_AL_12W_TCR-JV_cDNA_35_TGAAGAGA_merged_170000.txt
gDNA/CLONES_TRBTLML_7_/CLONES_TRBTLML_7_AL_17W_TCR-J_Dep_TCR-V_genomic_1000_ACCTCCAA_merged_2500000.txt,60,8,1,51,CLONES_TRBTLML_7_AL_17W_TCR-J_Dep_TCR-V_genomic_1000_ACCTCCAA_merged_2500000.txt
gDNA/CLONES_TRBTLML_7_/CLONES_TRBTLML_7_AL_4W_TCR-J_Dep_TCR-V_genomic_1000_ACACAGAA_merged_2500000.txt,1734,367,40,1327,CLONES_TRBTLML_7_AL_4W_TCR-J_Dep_TCR-V_genomic_1000_ACACAGAA_merged_2500000.txt
cDNA/CLONES_TRBTLML_7_/CLONES_TRBTLML_7_AL_4W_TCR-JV_cDNA_37_TCTTCACA_merged_170000.txt,9629,368,36,9225,CLONES_TRBTLML_7_AL_4W_TCR-JV_cDNA_37_TCTTCACA_merged_170000.txt
gDNA/CLONES_TRBTLML_7_/CLONES_TRBTLML_7_AL_apheresis_TCR-J_Dep_TCR-V_genomic_1000_AAGGTACA_merged_2500000.txt,2428,492,45,1891,CLONES_TRBTLML_7_AL_apheresis_TCR-J_Dep_TCR-V_genomic_1000_AAGGTACA_merged_2500000.txt
cDNA/CLONES_TRBTLML_7_/CLONES_TRBTLML_7_AL_apheresis_TCR-JV_cDNA_21_TCCGTCTA_merged_170000.txt,18926,582,58,18286,CLONES_TRBTLML_7_AL_apheresis_TCR-JV_cDNA_21_TCCGTCTA_merged_170000.txt
gDNA/CLONES_TRBTLML_7_/CLONES_TRBTLML_7_AL_infusion_TCR-J_Dep_TCR-V_genomic_1000_AAGACGGA_merged_2500000.txt,1579,311,40,1228,CLONES_TRBTLML_7_AL_infusion_TCR-J_Dep_TCR-V_genomic_1000_AAGACGGA_merged_2500000.txt
cDNA/CLONES_TRBTLML_7_/CLONES_TRBTLML_7_AL_infusion_TCR-JV_cDNA_25_TATCAGCA_merged_170000.txt,13884,425,54,13405,CLONES_TRBTLML_7_AL_infusion_TCR-JV_cDNA_25_TATCAGCA_merged_170000.txt
gDNA/CLONES_TRBTLML_1_/CLONES_TRBTLML-001-AT_A_B_DNA_S1_2500000.txt,549,104,12,433,CLONES_TRBTLML-001-AT_A_B_DNA_S1_2500000.txt
gDNA/CLONES_TRBTLML_1_/CLONES_TRBTLML-001-AT_FU-01_B_DNA_S2_2500000.txt,649,113,11,525,CLONES_TRBTLML-001-AT_FU-01_B_DNA_S2_2500000.txt
gDNA/CLONES_TRBTLML_1_/CLONES_TRBTLML-001-AT_FU-02_B_DNA_S6_2500000.txt,1144,230,29,885,CLONES_TRBTLML-001-AT_FU-02_B_DNA_S6_2500000.txt
gDNA/CLONES_TRBTLML_1_/CLONES_TRBTLML-001-AT_FU-03_B_DNA_S7_2500000.txt,556,117,16,423,CLONES_TRBTLML-001-AT_FU-03_B_DNA_S7_2500000.txt
gDNA/CLONES_TRBTLML_1_/CLONES_TRBTLML-001-AT_Infusion_L_DNA_S8_2500000.txt,578,106,9,463,CLONES_TRBTLML-001-AT_Infusion_L_DNA_S8_2500000.txt
gDNA/CLONES_TRBTLML_26/CLONES_TRBTLML-026-FT_4W_B_DNA_S9_2500000.txt,737,168,15,554,CLONES_TRBTLML-026-FT_4W_B_DNA_S9_2500000.txt
gDNA/CLONES_TRBTLML_26/CLONES_TRBTLML-026-FT_A_B_DNA_S4_2500000.txt,656,143,11,502,CLONES_TRBTLML-026-FT_A_B_DNA_S4_2500000.txt
gDNA/CLONES_TRBTLML_26/CLONES_TRBTLML-026-FT_BL_B_DNA_S11_2500000.txt,2022,446,31,1545,CLONES_TRBTLML-026-FT_BL_B_DNA_S11_2500000.txt
gDNA/CLONES_TRBTLML_26/CLONES_TRBTLML-026-FT_FU-01_B_DNA_S5_2500000.txt,609,149,12,448,CLONES_TRBTLML-026-FT_FU-01_B_DNA_S5_2500000.txt
gDNA/CLONES_TRBTLML_26/CLONES_TRBTLML-026-FT_FU-02_B_DNA_S10_2500000.txt,312,71,5,236,CLONES_TRBTLML-026-FT_FU-02_B_DNA_S10_2500000.txt
gDNA/CLONES_TRBTLML_26/CLONES_TRBTLML-026-FT_Infusion_L_DNA_S3_2500000.txt,1127,246,24,857,CLONES_TRBTLML-026-FT_Infusion_L_DNA_S3_2500000.txt