id,colored_clns,mycolors
TLML_29_,CASSQATGLEGTQYF,#FFFF00
TLML_29_,CAWSPDPLVTEAFF,#1CE6FF
TLML_29_,CAISEWEGERETQYF,#FF34FF
TLML_29_,CASSWDKAYGYTF,#FF4A46
TLML_29_,CAIRDTGSERYSPLHF,#008941
TLML_29_,CASSLRQGPDTQYF,#006FA6
TLML_29_,CASSYPAGGKNTEAFF,#A30059
TLML_29_,CASSQDRLTGGYTF,#FFDBE5
TLML_29_,CSARDDVGNGYTF,#7A4900
TLML_29_,CASSYTRTVGTEAFF,#0000A6
TLML_29_,CASSIDPNNYGYTF,#63FFAC
TLML_29_,CASSFRDSPLHF,#B79762
TLML_29_,CASSLGGREETQYF,#004D43
TLML_29_,CASTPGTGRDIGETQYF,#8FB0FF
TLML_29_,CASSANAAGGRETQYF,#997D87
TLML_29_,CASSLEENTEAFF,#5A0007
TLML_29_,CASSWTITDTQYF,#809693
TLML_29_,CASSPSENPSPLHF,#FEFFE6
TLML_29_,CASSLSPLYGYTF,#1B4400
TLML_29_,CASSHRTTNEKLFF,#4FC601
TLML_29_,CASSLGGPTDTQYF,#3B5DFF
TLML_29_,CASSYGGADTQYF,#4A3B53
TLML_29_,CASNPWGGDSGNTIYF,#FF2F80
TLML_29_,CASRSTNEKLFF,#61615A
TLML_29_,CASSLSVIGTEAFF,#BA0900
TLML_29_,CATKGEQETQYF,#6B7900
TLML_29_,CASSNRRGRDEQFF,#00C2A0
TLML_29_,CATSDFGGYTF,#FFAA92
TLML_29_,CATKSGNEQFF,#FF90C9
TLML_29_,CASSPRCQGPGNTIYF,#B903AA
TLML_29_,CATSSFGQHNEQFF,#D16100
TLML_29_,CASSLAVVAGSSHEQFF,#DDEFFF
TLML_29_,CASWGGGPYNEQFF,#000035
TLML_29_,CASSQDTGGRGTQYF,#7B4F4B
TLML_29_,CASSLSSQPQHF,#A1C299
TLML_29_,CASSLGSRGVNTEAFF,#300018
TLML_29_,CASTEEGNWNTEAFF,#0AA6D8
TLML_29_,CASSLNYNEQFF,#013349
TLML_29_,CASRLAGEVRELFF,#00846F
TLML_29_,CASSQDKGEDTQYF,#372101
TLML_29_,CASSYQGPGTGELFF,#FFB500
TLML_29_,CASSPLTSGTSTDTQYF,#C2FFED
TLML_29_,CSASLTVSNYGYTF,#A079BF
TLML_29_,CAWSTGGPYGYTF,#CC0744
TLML_29_,CASSQTGLGGYTF,#C0B9B2
TLML_29_,CASSDGFNTEAFF,#C2FF99
TLML_29_,CASSYTNYGYTF,#001E09
TLML_29_,CASKMGGYGYTF,#00489C
TLML_29_,CATQKSGSGQPQHF,#6F0062
TLML_29_,CASSLNRLYSSYEQYF,#0CBD66
TLML_29_,CASSPDGEIGNQPQHF,#EEC3FF
TLML_29_,CASSQDPGPEKLFF,#456D75
TLML_29_,CASSPGGRGSYNEQFF,#B77B68
TLML_29_,CASMTGYGYTF,#7A87A1
TLML_29_,CSANGGEGRTDTQYF,#788D66
TLML_29_,CASSSAQILTGTSGSTDTQYF,#885578
TLML_29_,CASSQGVQGLGSPLHF,#FAD09F
TLML_29_,CASRTGGAEQYF,#FF8A9A
TLML_29_,CASSQFRSYEQYF,#D157A0
TLML_29_,CASSLIETPTEAFF,#BEC459
TLML_29_,CASAQDQQTEAFF,#456648
TLML_29_,CASRYSSGPVEQYF,#0086ED
TLML_29_,CSTKSGAYEQYF,#886F4C
TLML_29_,CSTYLEGGGLYEQYF,#34362D
TLML_29_,CASSLGRDQPQHF,#B4A8BD
TLML_29_,CASSPFAGKGSPLHF,#00A6AA
TLML_29_,CASSPLPTGGMNTEAFF,#452C2C
TLML_29_,CASSQDVDRAEQYF,#636375
TLML_29_,CASSTPGPGGTIYF,#A3C8C9
TLML_29_,CASSLGPTAYEQYF,#FF913F
TLML_29_,CASRTGVPYEQYF,#938A81
TLML_29_,CSAQTGTTAGDEQFF,#575329
TLML_29_,CASKGGTGGEKLFF,#00FECF
TLML_29_,CASSVVPQNTDTQYF,#B05B6F
TLML_29_,CASSDRNTGELFF,#8CD0FF
TLML_29_,CASSFGTDTQYF,#3B9700
TLML_29_,CARWSHPTNEKLFF,#04F757
TLML_29_,CASSISTGATIEQYF,#C8A1A1
TLML_29_,CASSPQASGSISHEQYF,#1E6E00
TLML_29_,CASSLDPGSQLFF,#7900D7
TLML_29_,CASSSRDSLISGNTIYF,#A77500
TLML_29_,CSAIRTRGWRDYEQYF,#6367A9
TLML_29_,CASSPTTGMNGYTF,#A05837
TLML_29_,CASSRDRGPYEQYF,#6B002C
TLML_29_,CASSKSAGQGMPDTQYF,#772600
TLML_29_,CASSLGTGDEQYF,#D790FF
TLML_29_,CASKYKGRTGGTDTQYF,#9B9700
TLML_29_,CASSLQGGNYEQYF,#549E79
TLML_29_,CASSSSGGGQETQYF,#FFF69F
TLML_29_,CASSVGQQETQYF,#201625
TLML_29_,CASSEGLAGEAQYF,#72418F
TLML_29_,CASTSWTGLEDTQYF,#BC23FF
TLML_29_,CASSLRLMNTEAFF,#99ADC0
TLML_29_,CSARDLRTGRASNSPLHF,#3A2465
TLML_29_,CASSLDREAEKLFF,#922329
TLML_29_,CASNRNMNTEAFF,#5B4534
TLML_29_,CASSSGAIAFF,#FDE8DC
TLML_29_,CASSSPGGGNTGELFF,#404E55
TLML_29_,CAISEWAHTDTQYF,#0089A3
TLML_29_,CASSEQGAGGNQPQHF,#CB7E98
TLML_29_,CASSPTPTNYGYTF,#A4E804
TLML_29_,CASSEFPTGAPGTDTQYF,#324E72
TLML_29_,CASSLGPGQVAYEQYF,#6A3A4C
TLML_29_,CATTGAASSYNEQFF,#83AB58
TLML_29_,CASSHGETQYF,#001C1E
TLML_29_,CATSRDAVSYNEQFF,#D1F7CE
TLML_29_,CASSKTSGRGETQYF,#004B28
TLML_29_,CASSLQIGPTEAFF,#C8D0F6
TLML_29_,CASSQEYKGGEYF,#A3A489
TLML_29_,CASSLGVGTNSNQPQHF,#806C66
TLML_29_,CASSPGSHNEQFF,#222800
TLML_29_,CASSPGHKSNYGYTF,#BF5650
TLML_29_,CASSVGTAQETQYF,#E83000
TLML_29_,CASSLAQTSGGAFQETQYF,#66796D
TLML_29_,CSARDQQWSSYNSPLHF,#DA007C
TLML_29_,CASQPEVPRNEQFF,#FF1A59
TLML_29_,CASSLGTGFSPLHF,#8ADBB4
TLML_29_,CASSSVRDRGRTGELFF,#1E0200
TLML_29_,CAWSVRGRVYGGELFF,#5B4E51
TLML_29_,CASSLNWGSMNTEAFF,#C895C5
TLML_29_,CATSTSRTSGTAKNIQYF,#320033
TLML_29_,CASSSPRRAVTYEQYF,#FF6832
TLML_29_,CASSSGGGQNQPQHF,#66E1D3
TLML_29_,CASSLVASGENIQYF,#CFCDAC
TLML_29_,CASSERGGEQYF,#D0AC94
TLML_29_,CASSMLRRSGANVLTF,#7ED379
TLML_29_,CASSVGTAGGDEKLFF,#012C58
TLML_29_,CASSYDNGPLNEAFF,#7A7BFF
TLML_29_,CASSQGSSRSQETQYF,#D68E01
TLML_29_,CASSTTGSSGNTIYF,#353339
TLML_29_,CASSPGGGVGGELFF,#78AFA1
TLML_29_,CASSLWGNEAFF,#FEB2C6
TLML_26_,CASSPDRGRYQETQYF,#FFFF00
TLML_26_,CASRARELNTEAFF,#1CE6FF
TLML_26_,CATSDSGGLSNQPQHF,#FF34FF
TLML_26_,CASSRFAGGSGNTIYF,#FF4A46
TLML_26_,CAGRSGKGAAYNEQFF,#008941
TLML_26_,CASSYGLAGGYEQYF,#006FA6
TLML_26_,CASSIGRNSNQPQHF,#A30059
TLML_26_,CASSLSPPGVYSGNTIYF,#FFDBE5
TLML_26_,CASSQELNQPQHF,#7A4900
TLML_26_,CASSVSGTGMYEQYF,#0000A6
TLML_26_,CASSPPGYGYTF,#63FFAC
TLML_26_,CSVFTGGAPGEQYF,#B79762
TLML_26_,CSARDLAVSYEQYF,#004D43
TLML_26_,CASRTGWNTEAFF,#8FB0FF
TLML_26_,CASSLGRNQPQHF,#997D87
TLML_26_,CASSLEYELFF,#5A0007
TLML_26_,CASSVGGTGNTIYF,#809693
TLML_26_,CASSHDREQETQYF,#FEFFE6
TLML_26_,CASSLRPPDIQYF,#1B4400
TLML_26_,CASSFGLAGDTDTQYF,#4FC601
TLML_26_,CAGRKWNTANYGYTF,#3B5DFF
TLML_26_,CASSPGDEQFF,#4A3B53
TLML_26_,CASRFVGANIQYF,#FF2F80
TLML_26_,CASSLRGNEQYF,#61615A
TLML_26_,CASSMGVAGDQETQYF,#BA0900
TLML_26_,CASSSGGAGSNQPQHF,#6B7900
TLML_26_,CASSKEYNEQFF,#00C2A0
TLML_26_,CASSESGGYNEQFF,#FFAA92
TLML_26_,CANQRGALTGELFF,#FF90C9
TLML_26_,CASSPQGPGYTF,#B903AA
TLML_26_,CASSAGQGDEKLFF,#D16100
TLML_26_,CASIGGNEQFF,#DDEFFF
TLML_26_,CASSPTGNTEAFF,#000035
TLML_26_,CASSQDKGTYGYTF,#7B4F4B
TLML_26_,CASSHAPGQQETQYF,#A1C299
TLML_26_,CASSASLGQFGQYF,#300018
TLML_26_,CASSLGTGGLDTQYF,#0AA6D8
TLML_26_,CSVVRDFHLSYNEQFF,#013349
TLML_26_,CASSLGPSGNTIYF,#00846F
TLML_26_,CASSLVWGRGAFF,#372101
TLML_26_,CASSLKSRSRRYQETQYF,#FFB500
TLML_26_,CASSRDVSEPDPYAKNIQYF,#C2FFED
TLML_26_,CASSTGRSYEQYF,#A079BF
TLML_26_,CASNEGGMNTEAFF,#CC0744
TLML_26_,CASSPWGGGSDTQYF,#C0B9B2
TLML_26_,CSASGSLNYQPQHF,#C2FF99
TLML_26_,CATSSIAGEKLFF,#001E09
TLML_26_,CASSITPGGETQYF,#00489C
TLML_26_,CASSQAVYGGQYSGNTIYF,#6F0062
TLML_26_,CASSQATFSNQPQHF,#0CBD66
TLML_26_,CASSLDTEAFF,#EEC3FF
TLML_26_,CASSPEGLMGGTDTQYF,#456D75
TLML_26_,CSVGKTGRANRLNTEAFF,#B77B68
TLML_26_,CASSFGVAGGETQYF,#7A87A1
TLML_26_,CASSQGQGTYEQYF,#788D66
TLML_26_,CASSQVLADTQYF,#885578
TLML_26_,CASSLELAGAEGNIQYF,#FAD09F
TLML_26_,CASSLKDREVDGYTF,#FF8A9A
TLML_26_,CASSLWGAGDTQYF,#D157A0
TLML_26_,CSAIRTDSYEQYF,#BEC459
TLML_26_,CASSTGTGDTQYF,#456648
TLML_26_,CASSLTVGSGQSLRGYTF,#0086ED
TLML_26_,CASSQSSPGKKGSSNQPQHF,#886F4C
TLML_26_,CATQWAGTNTGELFF,#34362D
TLML_26_,CASSEVYVTEIYGYTF,#B4A8BD
TLML_26_,CASSLGQGNGNTIYF,#00A6AA
TLML_26_,CASSDSGANVLTF,#452C2C
TLML_26_,CASSEKRTGGHNEQFF,#636375
TLML_26_,CASSPGRGDDYNEQFF,#A3C8C9
TLML_26_,CASSPGTINQETQYF,#FF913F
TLML_26_,CASRPPTIAGGSRDTQYF,#938A81
TLML_26_,CAIREGLAATTDTQYF,#575329
TLML_26_,CSARWSYEQFF,#00FECF
TLML_26_,CSARDGFYYEQYF,#B05B6F
TLML_26_,CASSLRRGSSYNEQFF,#8CD0FF
TLML_26_,CASSQDRGRYEQYF,#3B9700
TLML_26_,CASSLGTDTQYF,#04F757
TLML_26_,CASSQDGYSYEQYF,#C8A1A1
TLML_26_,CSAGPGQGEEKLFF,#1E6E00
TLML_26_,CASSQGLAYTGELFF,#7900D7
TLML_26_,CASSLGTTGKGYGYTF,#A77500
TLML_26_,CASSQVGGVNTEAFF,#6367A9
TLML_26_,CASSTTGNQPQHF,#A05837
TLML_26_,CASRRASRFYNEQFF,#6B002C
TLML_26_,CATSDRLATSTDTQYF,#772600
TLML_26_,CSVTLPGQGAEGEQFF,#D790FF
TLML_26_,CASSVAGGGITEAFF,#9B9700
TLML_26_,CASSTGKGSYEQYF,#549E79
TLML_26_,CASSSIAGAASSSTDTQYF,#FFF69F
TLML_26_,CASTLGPQETQYF,#201625
TLML_26_,CSARQVYEQYF,#72418F
TLML_26_,CSARGRRSYNEQFF,#BC23FF
TLML_26_,CASSLTGDEQYF,#99ADC0
TLML_26_,CASSQDPRGAGVTNEQYF,#3A2465
TLML_26_,CSARDVYEQYF,#922329
TLML_26_,CASNQGLGYTF,#5B4534
TLML_26_,CSARRDRNQPQHF,#FDE8DC
TLML_26_,CSVSRSNQPQHF,#404E55
TLML_26_,CASSTPGTGSYEQYF,#0089A3
TLML_26_,CSARGPGSGNTIYF,#CB7E98
TLML_26_,CASSPSNTGELFF,#A4E804
TLML_26_,CASSGTGAYEQYF,#324E72
TLML_26_,CASSPVRTTYNSPLHF,#6A3A4C
TLML_26_,CASSAGQGATYEQYF,#83AB58
TLML_26_,CASSWTGGSYNSPLHF,#001C1E
TLML_26_,CSAAYGQGPLGGYTF,#D1F7CE
TLML_26_,CSERTASYGYTF,#004B28
TLML_26_,CASSLGSASYGYTF,#C8D0F6
TLML_26_,CAISSPGTGAEQYF,#A3A489
TLML_26_,CSASETSGGVNEQFF,#806C66
TLML_22_,CASSSPPGQGEKLFF,#FFFF00
TLML_22_,CASRFVKGNGHRYGYTF,#1CE6FF
TLML_22_,CATSDSTWGEAFF,#FF34FF
TLML_22_,CASSSSYEQYF,#FF4A46
TLML_22_,CASSFRVNTEAFF,#008941
TLML_22_,CASSFGGRPDYGYTF,#006FA6
TLML_22_,CASSLTPYYEQYF,#A30059
TLML_22_,CASSFGGTGNQPQHF,#FFDBE5
TLML_22_,CAWTRYFRDEAFF,#7A4900
TLML_22_,CASSLEGLVSYNEQFF,#0000A6
TLML_22_,CASSQEFRADTQYF,#63FFAC
TLML_22_,CASSRPGTGYNEQFF,#B79762
TLML_22_,CASSEGTRQYF,#004D43
TLML_22_,CASRSQGTQAEAFF,#8FB0FF
TLML_22_,CASSTRDSNQPQHF,#997D87
TLML_22_,CAIGTGDSNQPQHF,#5A0007
TLML_22_,CASSLYAGGPATDTQYF,#809693
TLML_22_,CASSFQGYSNQPQHF,#FEFFE6
TLML_22_,CASSIPTAGGWNQPQHF,#1B4400
TLML_22_,CASSLGQAYEQYF,#4FC601
TLML_22_,CASTLLGDGEAFF,#3B5DFF
TLML_22_,CASSLEGLGSNQPQHF,#4A3B53
TLML_22_,CASSWRGRGDTEAFF,#FF2F80
TLML_22_,CASSHRYEQYF,#61615A
TLML_22_,CASSLQGMGAKNIQYF,#BA0900
TLML_22_,CAWAGTGNSPLHF,#6B7900
TLML_22_,CSARDNFNQPQHF,#00C2A0
TLML_22_,CASSLDSALTTQHF,#FFAA92
TLML_22_,CASSISLEETQYF,#FF90C9
TLML_22_,CASSLAGAGDEQFF,#B903AA
TLML_22_,CASSATAYYEQYF,#D16100
TLML_22_,CSATRSDRPPTEAFF,#DDEFFF
TLML_22_,CASRIIAGGNRRDTQYF,#000035
TLML_22_,CASSQVQFNQPQHF,#7B4F4B
TLML_22_,CASSFDGSSYNEQFF,#A1C299
TLML_22_,CAISESGTVNTEAFF,#300018
TLML_22_,CASSYAALYEQYF,#0AA6D8
TLML_22_,CASSLARGGESVSPLHF,#013349
TLML_22_,CASSDAGQGYEQYF,#00846F
TLML_22_,CASSLVGRNTEAFF,#372101
TLML_22_,CASSFGGYEQYF,#FFB500
TLML_22_,CASSTQPGQGADGYTF,#C2FFED
TLML_22_,CASSPKLTSDSPLHF,#A079BF
TLML_22_,CASSIGGGAYEQYF,#CC0744
TLML_22_,CASRLGGGGSRETQYF,#C0B9B2
TLML_22_,CASSALGLAGRDTQYF,#C2FF99
TLML_22_,CASSYNDEQYF,#001E09
TLML_22_,CSVEAGNYGYTF,#00489C
TLML_22_,CASSATTGPSWEQYF,#6F0062
TLML_22_,CASSTLNRAEGYTF,#0CBD66
TLML_22_,CSVSGVTEAFF,#EEC3FF
TLML_22_,CASLVSQGAGSDTQYF,#456D75
TLML_22_,CASSWTEGQTAFF,#B77B68
TLML_22_,CASRGRTGGVLGQPQHF,#7A87A1
TLML_22_,CASIGEAGDTGELFF,#788D66
TLML_22_,CAINDDSRGYEQYF,#885578
TLML_22_,CASSLASQGNSPLHF,#FAD09F
TLML_22_,CASSDAPQQGMNTEAFF,#FF8A9A
TLML_22_,CASSDREMGGLTEAFF,#D157A0
TLML_22_,CASSLAGVDYEQYF,#BEC459
TLML_22_,CASSLVASGGVNEQYF,#456648
TLML_22_,CASSVGAGPPVYF,#0086ED
TLML_22_,CASSLGQHSGNTIYF,#886F4C
TLML_22_,CASSLGGLTYGYTF,#34362D
TLML_22_,CASSWGGRTEAFF,#B4A8BD
TLML_22_,CASSIADTGNEQYF,#00A6AA
TLML_22_,CASSQGPNYEQYF,#452C2C
TLML_22_,CASSEWVGQPQHF,#636375
TLML_22_,CAIRDSGYEQYF,#A3C8C9
TLML_22_,CASSLVRRGSTEAFF,#FF913F
TLML_22_,CASGLGHYGTGEQYF,#938A81
TLML_22_,CASSLTGTDYYEQYF,#575329
TLML_22_,CASSGAGQGSYEQYF,#00FECF
TLML_22_,CASSPGGFNNEQFF,#B05B6F
TLML_22_,CASSQGFLTGQETQYF,#8CD0FF
TLML_22_,CASSLVAGGTEAFF,#3B9700
TLML_22_,CAWVMNTEAFF,#04F757
TLML_22_,CASSFVVYEQYF,#C8A1A1
TLML_22_,CATSDPGVGDEKLFF,#1E6E00
TLML_22_,CASSYLGTGDRNQPQHF,#7900D7
TLML_22_,CSAPDGQGASDEQYF,#A77500
TLML_22_,CASSLASASSPLHF,#6367A9
TLML_22_,CASSPSGGRQPQHF,#A05837
TLML_22_,CASSQEDLGGYSNQPQHF,#6B002C
TLML_22_,CASSLGGEWGETQYF,#772600
TLML_22_,CASSQGVGGASGYTF,#D790FF
TLML_22_,CASMGPDRTPDTEAFF,#9B9700
TLML_22_,CATEGQGEYGYTF,#549E79
TLML_22_,CASSLGQGSDTQYF,#FFF69F
TLML_22_,CASSYRRTGSYEQYF,#201625
TLML_22_,CSVARSGGLSGNTIYF,#72418F
TLML_22_,CASSYSEGVDTEAFF,#BC23FF
TLML_22_,CASRPAGTPTPKNIQYF,#99ADC0
TLML_22_,CASSPWTDLGDEQFF,#3A2465
TLML_22_,CASSLGGNQPQHF,#922329
TLML_22_,CASSIVLQGDEQYF,#5B4534
TLML_22_,CASSQMVAGNSYNEQFF,#FDE8DC
TLML_22_,CASSQVARGIYEQYF,#404E55
TLML_22_,CASSAGTSSYNEQFF,#0089A3
TLML_22_,CASSHLSGVEETQYF,#CB7E98
TLML_22_,CASSPSGLDTISTDTQYF,#A4E804
TLML_22_,CASSLDGTANEQYF,#324E72
TLML_22_,CASSPFGAGDISEAFF,#6A3A4C
TLML_22_,CASSPKGAGELFF,#83AB58
TLML_22_,CASRIGQGGSGELFF,#001C1E
TLML_22_,CSVEGGGYGYTF,#D1F7CE
TLML_22_,CASSPGTGVISGNTIYF,#004B28
TLML_22_,CASSYSGDQPQHF,#C8D0F6
TLML_22_,CASSAVGEGEKLFF,#A3A489
TLML_22_,CASSPGTFQPQHF,#806C66
TLML_22_,CASSQKGTGIYEQYF,#222800
TLML_22_,CASSQGDRGLGETQYF,#BF5650
TLML_22_,CASSQDLHGRYSGANVLTF,#E83000
TLML_22_,CASSTGWSSYEQYF,#66796D
TLML_22_,CASSSELGVVANGYTF,#DA007C
TLML_22_,CATAGGPTQETQYF,#FF1A59
TLML_22_,CASSLSVGLNTGELFF,#8ADBB4
TLML_22_,CATRDGLAGLYEQFF,#1E0200
TLML_22_,CASSGGQLYSNQPQHF,#5B4E51
TLML_22_,CASRQGGDYGYTF,#C895C5
TLML_22_,CASSPPVGVQETQYF,#320033
TLML_22_,CSARVGSTGNQPQHF,#FF6832
TLML_22_,CSAETGTVYGYTF,#66E1D3
TLML_22_,CASRIGQGNNEQFF,#CFCDAC
TLML_22_,CASTLSVGQSYSGANVLTF,#D0AC94
TLML_22_,CASSPIGSPPDTQYF,#7ED379
TLML_22_,CASSLVGTDNSPLHF,#012C58
TLML_22_,CASRIPGQRTEAFF,#7A7BFF
TLML_22_,CASTPGLASEQFF,#D68E01
TLML_22_,CASSVAGELQPQHF,#353339
TLML_22_,CASGVVATGGELFF,#78AFA1
TLML_22_,CASSPGPDPGGDTQYF,#FEB2C6
TLML_22_,CASSFFGDYEQYF,#75797C
TLML_22_,CASREREAPDEQYF,#837393
TLML_22_,CATQEGQKSYNEQFF,#943A4D
TLML_22_,CASSTQQGSGSPLHF,#B5F4FF
TLML_22_,CASSPRTGLNTGELFF,#D2DCD5
TLML_22_,CASSPGQGEVYEQYF,#9556BD
TLML_22_,CASSTGTIGSGPQHF,#6A714A
TLML_22_,CAIISDLESSYNEQFF,#001325
TLML_22_,CASSGPGQDYEQYF,#02525F
TLML_22_,CASSLIGGADTQYF,#0AA3F7
TLML_22_,CASSLAGTGEKLFF,#E98176
TLML_22_,CASSFDTNTEAFF,#DBD5DD
TLML_22_,CASSIDPGGGGVDEQYF,#5EBCD1
TLML_22_,CASNERGGRYEQYF,#3D4F44
TLML_22_,CASSIGPNYGYTF,#7E6405
TLML_22_,CASSKFDSPLHF,#02684E
TLML_22_,CASSGGQVYSNQPQHF,#962B75
TLML_22_,CASSHYRGQETQYF,#8D8546
TLML_22_,CASSLVSAGAYNEQFF,#9695C5
TLML_22_,CASSLTGSGNTIYF,#E773CE
TLML_22_,CASSQTGVAYEQYF,#D86A78
TLML_22_,CASSQEGILLNYEQYF,#3E89BE
TLML_22_,CSAPDRTRTDTQYF,#CA834E
TLML_22_,CASSLGILTGSDEQYF,#518A87
TLML_22_,CASSEQGWSNQPQHF,#5B113C
TLML_22_,CASSEGQGQATDTQYF,#55813B
TLML_22_,CASKVAGTENSPLHF,#E704C4
TLML_22_,CASSDDRGGYNEQFF,#00005F
TLML_22_,CASSPPGDYITDTQYF,#A97399
TLML_22_,CASSVSPGGNQPQHF,#4B8160
TLML_22_,CASSSDRGDEKLFF,#59738A
TLML_22_,CASSQDLQAEAFF,#FF5DA7
TLML_22_,CASSPTDTSTRDEKLFF,#F7C9BF
TLML_22_,CATSLSPYNEQFF,#643127
TLML_22_,CASTLDREFSLNEQFF,#513A01
TLML_22_,CASSVGQSYEQYF,#6B94AA
TLML_22_,CAISENTEAFF,#51A058
TLML_22_,CSVETGANYGYTF,#A45B02
TLML_22_,CSASPRTGYNSPLHF,#1D1702
TLML_22_,CSAEGDGDRWTQYF,#E20027
TLML_22_,CATGPDRGYQPQHF,#E7AB63
TLML_22_,CASTSGGAPGELFF,#4C6001
TLML_22_,CASSLSLAGADTQYF,#9C6966
TLML_22_,CASSLESSYNEQFF,#64547B
TLML_22_,CASSVRDRDLKQYF,#97979E
TLML_22_,CASSPTVLAGEETQYF,#006A66
TLML_22_,CAQREGLGDSPLHF,#391406
TLML_22_,CASSIVTGGYEQYF,#F4D749
TLML_22_,CASSYSGQGWPDTQYF,#0045D2
TLML_22_,CASSAPLGSSYNEQFF,#006C31
TLML_22_,CASSPARTVRETQYF,#DDB6D0
TLML_22_,CSVESGDNYGYTF,#7C6571
TLML_22_,CASSGTGQGSYEQYF,#9FB2A4
TLML_22_,CASSGQANSGNTIYF,#00D891
TLML_22_,CASSLVRGSEAFF,#15A08A
TLML_22_,CASSEFGNEQFF,#BC65E9
TLML_22_,CAWRQGYNSPLHF,#C6DC99
TLML_22_,CASSMGWEGLGNEQFF,#203B3C
TLML_22_,CASLPSQGAFEETQYF,#671190
TLML_22_,CASSQVLRGTEAFF,#6B3A64
TLML_22_,CASSLDRNQPQHF,#F5E1FF
TLML_22_,CASSPLLDRGLTGELFF,#FFA0F2
TLML_22_,CASSPYQDEQFF,#CCAA35
TLML_22_,CASSVEGVSNSYEQYF,#374527
TLML_22_,CAWSVWDRGGYGYTF,#8BB400
TLML_22_,CASSLDSYNSPLHF,#797868
TLML_22_,CASSLVSGYGYTF,#C6005A
TLML_22_,CASSLSGTGIGNTIYF,#3B000A
TLML_22_,CSARVTGRAFSGNTIYF,#C86240
TLML_22_,CASSQDSGFPYEQYF,#29607C
TLML_22_,CATSEYGLAGDTDTQYF,#402334
TLML_22_,CASSLVSPINRGETQYF,#7D5A44
TLML_22_,CASSQDKVEICTF,#CCB87C
TLML_22_,CASSESDGSGDTQYF,#B88183
TLML_22_,CASSQGDSGNTIYF,#AA5199
TLML_22_,CASSDGSSYNEQFF,#B5D6C3
TLML_22_,CASSTLKTVTQYF,#A38469
TLML_22_,CASSRQGGLDEQYF,#9F94F0
TLML_22_,CAWDPGHNYGYTF,#A74571
TLML_22_,CASSVGVGTENSPLHF,#B894A6
TLML_22_,CASSLGRSTGELFF,#71BB8C
TLML_22_,CASSTSAESSYNEQFF,#00B433
TLML_22_,CAWSGSGTGGDGYTF,#789EC9
TLML_22_,CATGTGGATNEKLFF,#6D80BA
TLML_22_,CSVGAGGRNIQYF,#953F00
TLML_22_,CASSQEGNQPQHF,#5EFF03
TLML_22_,CASSAPGLEGYF,#E4FFFC
TLML_22_,CASSHPTGPNEKLFF,#1BE177
TLML_22_,CASRGTGGFEQYF,#BCB1E5
TLML_22_,CASSWGWREQFF,#76912F
TLML_22_,CASSLRWTSGGVRLTDTQYF,#003109
TLML_22_,CASSPNDRTVTQPQHF,#0060CD
TLML_22_,CASSSQGGQYF,#D20096
TLML_22_,CASSSLEGFDYEQYF,#895563
TLML_22_,CASSLYRDNSPLHF,#29201D
TLML_22_,CASSSSGGSYGYTF,#5B3213
TLML_22_,CASSPDRGGYEQYF,#A76F42
TLML_22_,CASSQEEGLGNQPQHF,#89412E
TLML_22_,CASAYREGGTEAFF,#1A3A2A
TLML_22_,CASSSTGGESYNEQFF,#494B5A
TLML_22_,CASRMGDTEAFF,#A88C85
TLML_22_,CASKGGFSNQPQHF,#F4ABAA
TLML_22_,CASSPTVWASGGVGQYNEQFF,#A3F3AB
TLML_22_,CSARDAIAGGGGEQYF,#00C6C8
TLML_22_,CASSPRQASNTEAFF,#EA8B66
TLML_22_,CASSLDGSAYNEQFF,#958A9F
TLML_22_,CASSWDGGYGQYF,#BDC9D2
TLML_20_,CASSTQGNEQYF,#FFFF00
TLML_20_,CASSQQNYGYTF,#1CE6FF
TLML_20_,CSVESGAGLNTEAFF,#FF34FF
TLML_20_,CASLIAGGWSGSALRDTQYF,#FF4A46
TLML_20_,CASRSPLVGDGYTF,#008941
TLML_20_,CASRQGGPQETQYF,#006FA6
TLML_20_,CSAHLGLSGSNYEQYF,#A30059
TLML_20_,CAWSTTGGMAFF,#FFDBE5
TLML_20_,CASSSGQGVNTGELFF,#7A4900
TLML_20_,CASSSGYSGNTIYF,#0000A6
TLML_20_,CATSRFGGEKLFF,#63FFAC
TLML_20_,CASSPDRNTQYF,#B79762
TLML_20_,CASSQDRALAQTQYF,#004D43
TLML_20_,CASSLGTYEQYF,#8FB0FF
TLML_20_,CATGQIPRDGYEQYF,#997D87
TLML_20_,CAWKGGGLTEAFF,#5A0007
TLML_20_,CATSRVAGETQYF,#809693
TLML_20_,CASSLNEGWGNYEQYF,#FEFFE6
TLML_20_,CAWSVLDRVGTEAFF,#1B4400
TLML_20_,CASSLTGRGTGELFF,#4FC601
TLML_20_,CASRGLAGTDTQYF,#3B5DFF
TLML_20_,CAISESFGARDNEQFF,#4A3B53
TLML_20_,CASSLGGTNYGYTF,#FF2F80
TLML_20_,CASNTGLAAYEQYF,#61615A
TLML_20_,CAWRGGRLNTEAFF,#BA0900
TLML_20_,CASSSLAGDRGEQFF,#6B7900
TLML_20_,CASSPTPGLSQPQHF,#00C2A0
TLML_20_,CASSLGTTEAFF,#FFAA92
TLML_20_,CASSFPAANEQFF,#FF90C9
TLML_20_,CALDGRLGFPYNEQFF,#B903AA
TLML_20_,CASSPDRARSPLHF,#D16100
TLML_20_,CASSPSGSSYNEQFF,#DDEFFF
TLML_20_,CASSLGTGDYEQYF,#000035
TLML_20_,CASRHRDREAEAFF,#7B4F4B
TLML_20_,CASSLDGRLTGAFF,#A1C299
TLML_20_,CASSQGGEGTDTQYF,#300018
TLML_20_,CATSGSTGGEDNQPQHF,#0AA6D8
TLML_20_,CASSPDSSYEQYF,#013349
TLML_20_,CASSLRTDFNVLTF,#00846F
TLML_20_,CASSPLANTGELFF,#372101
TLML_20_,CASSFLGGMNTEAFF,#FFB500
TLML_20_,CASSQRQQMNTEAFF,#C2FFED
TLML_20_,CATTSLKTGYSNQPQHF,#A079BF
TLML_20_,CASSQDGRQETQYF,#CC0744
TLML_20_,CASSQGTRQGRWDSPLHF,#C0B9B2
TLML_20_,CASSLGTTGIWETQYF,#C2FF99
TLML_20_,CASSLGGWSNEKLFF,#001E09
TLML_20_,CASSEQGGLGQETQYF,#00489C
TLML_20_,CASTSGGPTYEQYF,#6F0062
TLML_20_,CASSSQAVAGGFNEQFF,#0CBD66
TLML_20_,CASSLGGEPYNEQFF,#EEC3FF
TLML_20_,CASSPTGTGALYEQYF,#456D75
TLML_20_,CASSVQRPNSAPHYGYTF,#B77B68
TLML_20_,CASSEGGGGYLPGLGGNEQFF,#7A87A1
TLML_20_,CAISDIVETGAYNEQFF,#788D66
TLML_20_,CASSPVGQATGEKLFF,#885578
TLML_20_,CASSPLNGSIYEQYF,#FAD09F
TLML_20_,CASSLRLSYGYTF,#FF8A9A
TLML_20_,CASSQDSGSGIEGVGNQPQHF,#D157A0
TLML_20_,CASSFIGGPSGGELFF,#BEC459
TLML_20_,CASSQYLSGPKDGYTF,#456648
TLML_20_,CASSYGTSGRSSYNEQFF,#0086ED
TLML_20_,CASSRGGVYEQFF,#886F4C
TLML_20_,CASSYDRGAGGETQYF,#34362D
TLML_20_,CASGDRAEYSNQPQHF,#B4A8BD
TLML_20_,CASSLPSSYEQYF,#00A6AA
TLML_20_,CASSPGDREQVYNEQFF,#452C2C
TLML_20_,CASSEGTGDTEAFF,#636375
TLML_20_,CASSQDQGWTEAFF,#A3C8C9
TLML_20_,CASSTTGTGGGNGYTF,#FF913F
TLML_20_,CASSSLANEQFF,#938A81
TLML_20_,CASSAGAGVFEQFF,#575329
TLML_20_,CASSEGSWTESYEQYF,#00FECF
TLML_20_,CASSQGVPYEQYF,#B05B6F
TLML_20_,CASSELSSYGYTF,#8CD0FF
TLML_20_,CASSDIASSYNEQFF,#3B9700
TLML_20_,CASSLGLGHEQYF,#04F757
TLML_20_,CASRPDRGRRTEAFF,#C8A1A1
TLML_20_,CASSPPGGLETQYF,#1E6E00
TLML_20_,CSAYTRDRENPLHF,#7900D7
TLML_20_,CSVRGGKGREDRVDEQFF,#A77500
TLML_20_,CASSLTGVAYNEQFF,#6367A9
TLML_20_,CASSQAPTGTAHF,#A05837
TLML_20_,CASSPPRESAGNTIYF,#6B002C
TLML_20_,CASSQTGMGRVRQYF,#772600
TLML_20_,CASSIGQGPYEQYF,#D790FF
TLML_20_,CASSLNQDTEAFF,#9B9700
TLML_20_,CASSLALGTGKGHNEQFF,#549E79
TLML_20_,CASSQGLGLENTIYF,#FFF69F
TLML_20_,CASSSSPIQGILTGELFF,#201625
TLML_20_,CASSLQANYGYTF,#72418F
TLML_20_,CASGLGSGTDTQYF,#BC23FF
TLML_20_,CASSQGENTEAFF,#99ADC0
TLML_20_,CASSGSPLDRHNEQFF,#3A2465
TLML_20_,CSAGREGNSPLHF,#922329
TLML_20_,CASSTPGWSPDTQYF,#5B4534
TLML_20_,CASSPAGSTDTQYF,#FDE8DC
TLML_20_,CASSQDHEHSTYEQYF,#404E55
TLML_20_,CASSSNRLTDTQYF,#0089A3
TLML_20_,CSARYQGASYGYTF,#CB7E98
TLML_20_,CAWSSGYGELFF,#A4E804
TLML_20_,CASSPQGSNTGELFF,#324E72
TLML_20_,CASSLGQPQHF,#6A3A4C
TLML_20_,CASSLTSGGQETQYF,#83AB58
TLML_20_,CASSLELAIHEQYF,#001C1E
TLML_20_,CSVQIAGGTGELFF,#D1F7CE
TLML_20_,CASSLQPAGQVYEQYF,#004B28
TLML_20_,CSAYDRLGGYTF,#C8D0F6
TLML_20_,CSARDSMGWANEKLFF,#A3A489
TLML_20_,CASSESMEDRDVEQYF,#806C66
TLML_20_,CASSSRQGVYGYTF,#222800
TLML_20_,CASSIVLITYSGANVLTF,#BF5650
TLML_20_,CASSQDRLARELFF,#E83000
TLML_20_,CASSLWGNEAFF,#66796D
TLML_18_,CSARFVTVRINEQFF,#FFFF00
TLML_18_,CSANRGDRNQPQHF,#1CE6FF
TLML_18_,CASSYDSLKTQYF,#FF34FF
TLML_16_,CASSYPTSGPHEQYF,#FFFF00
TLML_16_,CASSLPGPEQYF,#1CE6FF
TLML_16_,CASSLLAGGNNEQFF,#FF34FF
TLML_16_,CASSLYRGEKLFF,#FF4A46
TLML_16_,CASSIGGLDEQFF,#008941
TLML_16_,CASSATGTGSGTDTQYF,#006FA6
TLML_16_,CASSIFQREYDEQFF,#A30059
TLML_16_,CSASGTGVGQPQHF,#FFDBE5
TLML_16_,CASSKEGDQPQHF,#7A4900
TLML_16_,CSARDPHLGTSGRFPISSYNEQFF,#0000A6
TLML_16_,CASSFWTDSSGRTDEQYF,#63FFAC
TLML_16_,CASAPQGDGNQPQHF,#B79762
TLML_16_,CASSPTPASYEQYF,#004D43
TLML_16_,CASSLGGYEQYF,#8FB0FF
TLML_16_,CASTNVGDEQYF,#997D87
TLML_16_,CASSLDTSGSYEQYF,#5A0007
TLML_16_,CASSTAPLAVSTDTQYF,#809693
TLML_16_,CASSQNMGFGETQYF,#FEFFE6
TLML_16_,CATSDSGQTSYEQYF,#1B4400
TLML_16_,CASSPVDGPVYEQYF,#4FC601
TLML_16_,CATSSGTSGYEQYF,#3B5DFF
TLML_16_,CASSVEPGGAMNTEAFF,#4A3B53
TLML_16_,CASSIETPGQSYGYTF,#FF2F80
TLML_16_,CASSFEGDQPQHF,#61615A
TLML_16_,CSARVAGQGLSYNEQFF,#BA0900
TLML_16_,CASSVAGGTEAFF,#6B7900
TLML_16_,CASGRQGNTGELFF,#00C2A0
TLML_16_,CATSDLGAGYGNEQFF,#FFAA92
TLML_16_,CASSLRFSVEAFF,#FF90C9
TLML_16_,CASSWGYQSSYNEQFF,#B903AA
TLML_16_,CASSLLGDANIQYF,#D16100
TLML_16_,CASSQGGAPTYEQYF,#DDEFFF
TLML_16_,CASSYSGSGRPDTQYF,#000035
TLML_16_,CASSPTSGTYNEQFF,#7B4F4B
TLML_16_,CASSLPGQGAFAGELFF,#A1C299
TLML_16_,CARSTTGQLDTEAFF,#300018
TLML_16_,CASSLRVTYEQYF,#0AA6D8
TLML_16_,CASRPTGFMTDTQYF,#013349
TLML_16_,CASSQGAGHNTEAFF,#00846F
TLML_16_,CASSETVKNIQYF,#372101
TLML_16_,CASSFTYSTNEKLFF,#FFB500
TLML_16_,CASSLTLSGTAQYNEQFF,#C2FFED
TLML_16_,CASSQGGLAGSYNEQFF,#A079BF
TLML_16_,CASSTGQQETQYF,#CC0744
TLML_16_,CASSLELGGTTTEQFF,#C0B9B2
TLML_16_,CASSVGGGTGELFF,#C2FF99
TLML_16_,CASSFGGNQPQHF,#001E09
TLML_16_,CASSVQGGRGGYTF,#00489C
TLML_16_,CASSLPGHNEQFF,#6F0062
TLML_16_,CSVESAGELFF,#0CBD66
TLML_16_,CASSFTTYGDSPLHF,#EEC3FF
TLML_16_,CASSLPAEGAGGGNEQFF,#456D75
TLML_16_,CASSFQGLGQPQHF,#B77B68
TLML_16_,CASSEALAGASF,#7A87A1
TLML_16_,CASSYLDGTSGYEQYF,#788D66
TLML_16_,CASSDRVGREDEQFF,#885578
TLML_16_,CASSPGQGDQETQYF,#FAD09F
TLML_16_,CATRGSGPYNEQFF,#FF8A9A
TLML_16_,CASSLSGLPTGGYTF,#D157A0
TLML_16_,CASSFRATNTEAFF,#BEC459
TLML_16_,CSASAAGGPHEQYF,#456648
TLML_16_,CASSLQDGEQFF,#0086ED
TLML_16_,CASSLYLQETQYF,#886F4C
TLML_16_,CASSMDRGHQETQYF,#34362D
TLML_16_,CASKEGLARYNEQFF,#B4A8BD
TLML_16_,CASSRLQGDYGYTF,#00A6AA
TLML_16_,CASSLGGVNSPLHF,#452C2C
TLML_16_,CASSPWGSYEQYF,#636375
TLML_16_,CASSLDQNYEQYF,#A3C8C9
TLML_16_,CASSQEPSGRTSYEQYF,#FF913F
TLML_16_,CASSLGEAGREQFF,#938A81
TLML_16_,CSVKSAGIDTGELFF,#575329
TLML_16_,CASSPGTGGPEAFF,#00FECF
TLML_16_,CASSRDRFGYTF,#B05B6F
TLML_16_,CASRISTDTQYF,#8CD0FF
TLML_16_,CASSVEDRPSQWGTDTQYF,#3B9700
TLML_16_,CASSQRGADYEQYF,#04F757
TLML_16_,CSARGGRTAGELFF,#C8A1A1
TLML_16_,CASSYPTGGSDEQYF,#1E6E00
TLML_16_,CASSSPGTGGREQFF,#7900D7
TLML_16_,CASSALAGVDGELFF,#A77500
TLML_7_,CASRLEGSYEKLFF,#FFFF00
TLML_7_,CASRDPGATYEQYF,#1CE6FF
TLML_7_,CASREEGSGSPLHF,#FF34FF
TLML_7_,CASSLKGWTEAFF,#FF4A46
TLML_7_,CSVGTGGTNEKLFF,#008941
TLML_7_,CAIRTTNTEAFF,#006FA6
TLML_7_,CASSEKPGLGLRDTQYF,#A30059
TLML_7_,CASGLVLHRGGTHLSSGANVLTF,#FFDBE5
TLML_7_,CASSLLGYSNQPQHF,#7A4900
TLML_7_,CASNEGGSPLHF,#0000A6
TLML_7_,CASSGTEQFF,#63FFAC
TLML_7_,CSVEEGQETQYF,#B79762
TLML_7_,CASSPTLNTEAFF,#004D43
TLML_7_,CASSEAGSGEKLFF,#8FB0FF
TLML_7_,CASSPWDLNSPLHF,#997D87
TLML_7_,CASRPGTDGNSPLHF,#5A0007
TLML_7_,CAIEDRGFTGELFF,#809693
TLML_7_,CASSGRGRGQPQHF,#FEFFE6
TLML_7_,CASSYPKGSSGANVLTF,#1B4400
TLML_7_,CAISERTVTGNTIYF,#4FC601
TLML_7_,CASSSLTGYRTYTF,#3B5DFF
TLML_7_,CASSLGRSNQPQHF,#4A3B53
TLML_7_,CASSPLTGTSGGYEQYF,#FF2F80
TLML_7_,CASSEAAVGLEQFF,#61615A
TLML_7_,CASSLGTGGFDGELFF,#BA0900
TLML_7_,CASSTGQAKRSGPMGAFF,#6B7900
TLML_7_,CASSLASGGTYNEQFF,#00C2A0
TLML_7_,CASSYVGDPNEQFF,#FFAA92
TLML_7_,CASSYPITSDRLNTEAFF,#FF90C9
TLML_7_,CASSYRRDSGAYNEQFF,#B903AA
TLML_7_,CASSQDRAGGHYGYTF,#D16100
TLML_7_,CSAREYVDTIYF,#DDEFFF
TLML_7_,CASSERGRNQPQHF,#000035
TLML_7_,CASSFEGLVDTQYF,#7B4F4B
TLML_7_,CSARGRASGKISYEQYF,#A1C299
TLML_7_,CASSAGLAGYEQYF,#300018
TLML_7_,CASSPLVGGTEAFF,#0AA6D8
TLML_7_,CASSHSRDRDVETQYF,#013349
TLML_7_,CASNPPRGGNTEAFF,#00846F
TLML_7_,CATSDSVSGYTF,#372101
TLML_7_,CASSRYYEQYF,#FFB500
TLML_7_,CASSVPGLKGGYTF,#C2FFED
TLML_7_,CASSLASGSHNEQFF,#A079BF
TLML_7_,CASSVGLARDNEQFF,#CC0744
TLML_7_,CASRGTGGDTQYF,#C0B9B2
TLML_7_,CASSSPPLLEAFF,#C2FF99
TLML_7_,CASSLVSGDGYTF,#001E09
TLML_7_,CAIRDPGGQHGEQFF,#00489C
TLML_7_,CASSPNTGGTYEQYF,#6F0062
TLML_7_,CASSQFDSIYEQYF,#0CBD66
TLML_7_,CASSPRANEQFF,#EEC3FF
TLML_7_,CASRLLDRGRGNQPQHF,#456D75
TLML_7_,CSARTGTNYGYTF,#B77B68
TLML_7_,CASSFLAGGRYEQYF,#7A87A1
TLML_7_,CASSLGTGGFDGELFFGEGSRLTVLGKEAVGAPESSERAGWAEVSSCPTLRGAVLRGAAG,#788D66
TLML_7_,CASSPSTRGADTQYF,#885578
TLML_7_,CASSLYRGNEQFF,#FAD09F
TLML_7_,CASSGLNYGYTF,#FF8A9A
TLML_7_,CADRGGPHHNEQFF,#D157A0
TLML_7_,CASSESGRALGELFF,#BEC459
TLML_7_,CASSLGAGRGKLFF,#456648
TLML_7_,CSARDQETVNYNEQFF,#0086ED
TLML_7_,CSALGVGGNTIYF,#886F4C
TLML_7_,CSASGGGVAGDNEQFF,#34362D
TLML_7_,CAIREAGGDGNTIYF,#B4A8BD
TLML_7_,CASSLAPTGSYNEQFF,#00A6AA
TLML_7_,CSVLTGDGNTIYF,#452C2C
TLML_7_,CSARDPGPPRGELFF,#636375
TLML_7_,CASSFARSYEQYF,#A3C8C9
TLML_7_,CASSYSKIYQPQHF,#FF913F
TLML_7_,CASSPELRRTKSQHF,#938A81
TLML_7_,CATLGDTGGVYSNQPQHF,#575329
TLML_7_,CASSQGQVNQPQHF,#00FECF
TLML_7_,CASSLVQGQETQYF,#B05B6F
TLML_7_,CASSPTGGRAYEQYF,#8CD0FF
TLML_7_,CATSRDRGYRGQQSVAFF,#3B9700
TLML_7_,CASSHQGGNYGYTF,#04F757
TLML_7_,CASSPVGSGNTIYF,#C8A1A1
TLML_7_,CASSSLAGVYNEQFF,#1E6E00
TLML_7_,CASSLMTGGSNEQFF,#7900D7
TLML_7_,CASSQDRTGSYEQYF,#A77500
TLML_7_,CASSTGLAGGEQYF,#6367A9
TLML_7_,CSARDSDKGAGYGYTF,#A05837
TLML_7_,CSVAEAGSEQYF,#6B002C
TLML_7_,CASTQQGLETQYF,#772600
TLML_7_,CASSYPTQPQHF,#D790FF
TLML_7_,CASRLAGGPYNEQFF,#9B9700
TLML_7_,CASSQGDEQFF,#549E79
TLML_7_,CASKSSGDTDTQYF,#FFF69F
TLML_7_,CASSQVVTAGGGNTIYF,#201625
TLML_7_,CASSYSNRVGGYTF,#72418F
TLML_7_,CASSASALMNTEAFF,#BC23FF
TLML_7_,CASSQTGLSHGYTF,#99ADC0
TLML_7_,CATRRGSHGYTF,#3A2465
TLML_7_,CASSLGVTGHLVYYGYTF,#922329
TLML_7_,CSAMRASLDTQYF,#5B4534
TLML_7_,CSSQGAEGYTF,#FDE8DC
TLML_7_,CASSFPLRLGPTDTQYF,#404E55
TLML_7_,CATSRGQGVSYEQYF,#0089A3
TLML_7_,CASSFGTGDYGYTF,#CB7E98
TLML_7_,CASSQQEVVVEGATDTQYF,#A4E804
TLML_7_,CASSLATGAGETQYF,#324E72
TLML_7_,CASSTSGTGYNEQFF,#6A3A4C
TLML_7_,CSAPGVWSVLEQYF,#83AB58
TLML_7_,CASSQDRGGRAPRGGELFF,#001C1E
TLML_7_,CSAAGGAVRVDEQFF,#D1F7CE
TLML_7_,CASSPRIEDGYTF,#004B28
TLML_7_,CASVPLRGNEQFF,#C8D0F6
TLML_7_,CSAREGQGANYGYTF,#A3A489
TLML_7_,CASSSPRRSGRPNEQFF,#806C66
TLML_7_,CASRQRQENTGELFF,#222800
TLML_7_,CASSAFGGGNQPQHF,#BF5650
TLML_7_,CASSLDGDRVSPLHF,#E83000
TLML_7_,CASRSTSGIRSYNEQFF,#66796D
TLML_7_,CAWSVQMNTEAFF,#DA007C
TLML_7_,CASSPQLQGSNTIYF,#FF1A59
TLML_7_,CASSYGTAASNEQFF,#8ADBB4
TLML_7_,CSARDSSGGVSYNEQFF,#1E0200
TLML_7_,CASSLVGQNTGELFF,#5B4E51
TLML_7_,CASSHRDRNTIYF,#C895C5
TLML_7_,CASSLYQSTDTQYF,#320033
TLML_7_,CAWTLKETGKANYGYTF,#FF6832
TLML_7_,CASAPLGDRENEKLFF,#66E1D3
TLML_7_,CASSPDSNYGYTF,#CFCDAC
TLML_7_,CASSAWGQGSPRHEQFF,#D0AC94
TLML_7_,CASSHGQNEKLFF,#7ED379
TLML_7_,CASSQEGYEQYF,#012C58
TLML_7_,CSATPQGLFNQPQHF,#7A7BFF
TLML_7_,CASSPADRVNGYTF,#D68E01
TLML_7_,CASSQEHGQPAYEQYF,#353339
TLML_7_,CASSLPSGNTIYF,#78AFA1
TLML_7_,CASSQDRGFTEAFF,#FEB2C6
TLML_7_,CASSDPGRDEKLFF,#75797C
TLML_7_,CSARDPSGQGARYGYTF,#837393
TLML_7_,CASSIYRVHNEQFF,#943A4D
TLML_7_,CASNRAGLYNEQFF,#B5F4FF
TLML_7_,CASRESNTEAFF,#D2DCD5
TLML_7_,CASSLASDRFYEQYF,#9556BD
TLML_7_,CASSLADGMNTEAFF,#6A714A
TLML_7_,CASSQLTGTGEPGANVLTF,#001325
TLML_7_,CSVEDGTGNTIYF,#02525F
TLML_7_,CASSGGRPPKLFF,#0AA3F7
TLML_7_,CASNQGGTTTIYGYTF,#E98176
TLML_7_,CASSWGLQETQYF,#DBD5DD
TLML_7_,CASSLGVNTEAFF,#5EBCD1
TLML_7_,CASSDDSSYEQYF,#3D4F44
TLML_7_,CASKGGSTEAFF,#7E6405
TLML_7_,CASSVELAQTYEQYF,#02684E
TLML_7_,CASSMSGASNQPQHF,#962B75
TLML_7_,CASSPSGGPYEQYF,#8D8546
TLML_7_,CSVAGGYGYTF,#9695C5
TLML_7_,CSVTSGRTSYEQYF,#E773CE
TLML_7_,CASRDGLSYEQYF,#D86A78
TLML_7_,CASSTGTGGYQPQHF,#3E89BE
TLML_7_,CATSLTGGYTGELFF,#CA834E
TLML_7_,CASSYWTFTEAFF,#518A87
TLML_7_,CASSWTSGVTDTQYF,#5B113C
TLML_7_,CASSLRVSSAYNEQFF,#55813B
TLML_7_,CASSLGTGSEQYF,#E704C4
TLML_7_,CASSVAPNGGAGNEQFF,#00005F
TLML_7_,CSALSGVANYGYTF,#A97399
TLML_7_,CASTPRDSSYNEQFF,#4B8160
TLML_7_,CASTQYTGELFF,#59738A
TLML_7_,CASSVGRGRDEQYF,#FF5DA7
TLML_7_,CASSPRASTDTQYF,#F7C9BF
TLML_7_,CAWSPGDGGGYTF,#643127
TLML_7_,CASSIPAIGLAGVGEQFF,#513A01
TLML_7_,CASTTLRLRMEEAFF,#6B94AA
TLML_7_,CATSDSAGAREQFF,#51A058
TLML_7_,CASSQEPNSPLHF,#A45B02
TLML_7_,CATSIGPGELFF,#1D1702
TLML_7_,CASSSPDRGTDTQYF,#E20027
TLML_7_,CGTEVNTEAFF,#E7AB63
TLML_7_,CASRDPGTDYGYTF,#4C6001
TLML_7_,CASSPPNRNYGYTF,#9C6966
TLML_7_,CASSLSQGPTEAFF,#64547B
TLML_7_,CASSPGLAGEQYF,#97979E
TLML_7_,CASSLAQDYTYEQYF,#006A66
TLML_7_,CASSSGQGAEFSNQPQHF,#391406
TLML_7_,CASSQGLAVVLGEQYF,#F4D749
TLML_7_,CASIVDRGREQYF,#0045D2
TLML_7_,CSARETKNTGELFF,#006C31
TLML_7_,CASSIPGLKVDGYTF,#DDB6D0
TLML_7_,CASSQNSGGTYEQYF,#7C6571
TLML_7_,CSAREGVLAYNEQFF,#9FB2A4
TLML_7_,CASRYGGDNSPLHF,#00D891
TLML_7_,CATSDSGLAGGTYNEQFF,#15A08A
TLML_7_,CASSPITGSTNYGYTF,#BC65E9
TLML_7_,CASSLNSGAYNEQFF,#C6DC99
TLML_7_,CASSVVSTDTQYF,#203B3C
TLML_7_,CASSRAGGLETQYF,#671190
TLML_7_,CASSEMAGLAGESYSDTQYF,#6B3A64
TLML_7_,CASSLLLGHGELFF,#F5E1FF
TLML_7_,CASRGDGKETQYF,#FFA0F2
TLML_7_,CASSQDRGRQEQYF,#CCAA35
TLML_7_,CSARSETGNTIYF,#374527
TLML_7_,CASSDLGGDSSYEQYF,#8BB400
TLML_7_,CASLQGEYGYTF,#797868
TLML_7_,CASSEAGGSYEQYF,#C6005A
TLML_7_,CASSYQRGQGYTF,#3B000A
TLML_7_,CAWSWGSSYEQYF,#C86240
TLML_7_,CASTESRGRKAFF,#29607C
TLML_7_,CASSQGNVANYGYTF,#402334
TLML_7_,CSVVLQGHTEAFF,#7D5A44
TLML_7_,CASSQGRDRYGYTF,#CCB87C
TLML_7_,CSARDIYEQYF,#B88183
TLML_1_,CASSPANYEQYF,#FFFF00
TLML_1_,CASSPDRGRYQETQYF,#1CE6FF
TLML_1_,CAGRSGKGAAYNEQFF,#FF34FF
TLML_1_,CATSDSGGLSNQPQHF,#FF4A46
TLML_1_,CASRFVGANIQYF,#008941
TLML_1_,CASQWRGNQPQHF,#006FA6
TLML_1_,CASRALGSNEQFF,#A30059
TLML_1_,CASSIGRNSNQPQHF,#FFDBE5
TLML_1_,CASSLGLPGNNEQFF,#7A4900
TLML_1_,CASRARELNTEAFF,#0000A6
TLML_1_,CASSYGLAGGYEQYF,#63FFAC
TLML_1_,CASSVSGTGMYEQYF,#B79762
TLML_1_,CASSVGGTGNTIYF,#004D43
TLML_1_,CASSRFAGGSGNTIYF,#8FB0FF
TLML_1_,CSARDLAVSYEQYF,#997D87
TLML_1_,CASSLDEGSGYEQYF,#5A0007
TLML_1_,CASSPPGYGYTF,#809693
TLML_1_,CASRTGWNTEAFF,#FEFFE6
TLML_1_,CASSFGVAGGETQYF,#1B4400
TLML_1_,CASSTGTSVGETQYF,#4FC601
TLML_1_,CASSYTGHPYNEQFF,#3B5DFF
TLML_1_,CAISEGRSSYNEQFF,#4A3B53
TLML_1_,CASSQSLAGGPDTQYF,#FF2F80
TLML_1_,CSVGQGGTNEKLFF,#61615A
TLML_1_,CASSPGGQGTYSSYNEQFF,#BA0900
TLML_1_,CASSVGQGLTGFVLETQYF,#6B7900
TLML_1_,CSASKGQLMNTEAFF,#00C2A0
TLML_1_,CSVFTGGAPGEQYF,#FFAA92
TLML_1_,CASSMVGQGGTYEQYF,#FF90C9
TLML_1_,CASSYSDAEQYF,#B903AA
TLML_1_,CASSEDGMNTEAFF,#D16100
TLML_1_,CAWSVWVSVNNEQFF,#DDEFFF
TLML_1_,CSARDRGLAGGAHYEQYF,#000035
TLML_1_,CASSYGKEGPTEAFF,#7B4F4B
TLML_1_,CATSREQDTDTQYF,#A1C299
TLML_1_,CASGLVLVGRDEQFF,#300018
TLML_1_,CASSSPRTGGVEKLFF,#0AA6D8
TLML_1_,CSVEERSFTDTQYF,#013349
TLML_1_,CASTPPGFPETQYF,#00846F
TLML_1_,CASSYSDETQYF,#372101
TLML_1_,CASSLGSPGANEQFF,#FFB500
TLML_1_,CASSFTPGLSYEQYF,#C2FFED
TLML_1_,CACHRSYGYTF,#A079BF
TLML_1_,CASSYSGTSGRGQFF,#CC0744
TLML_1_,CASSQRGLAGRTDTQYF,#C0B9B2
TLML_1_,CSVESGTGSHEQYF,#C2FF99
TLML_1_,CASSQGLAAYEQYF,#001E09
TLML_1_,CASSNYGTRGETQYF,#00489C
TLML_1_,CSVETVPYGYTF,#6F0062
TLML_1_,CASSPWDRGPGNTIYF,#0CBD66
TLML_1_,CASSLEGTGWRYGYTF,#EEC3FF
TLML_1_,CSVYGLADNSYEQYF,#456D75
TLML_1_,CAHSSGSSYNEQFF,#B77B68
TLML_1_,CASSELAGVQETQYF,#7A87A1
TLML_1_,CASGERDSYNEQFF,#788D66
TLML_1_,CASSWTSGIAKNIQYF,#885578
TLML_1_,CSVDRGEETQYF,#FAD09F
TLML_1_,CASSSSGTGGLAFF,#FF8A9A
TLML_1_,CASRANTEAFF,#D157A0
TLML_1_,CASRYGLAGGYEQYF,#BEC459
TLML_1_,CAWSGRESYNSPLHF,#456648
TLML_1_,CASSLVGAEGEQFF,#0086ED
TLML_1_,CASSLQGAGGYTF,#886F4C
TLML_1_,CATSDTVAGESYNEQFF,#34362D
TLML_1_,CSARGSGQGAPTYEQYF,#B4A8BD
TLML_1_,CASSRDGTGNTEAFF,#00A6AA
TLML_1_,CASNGQSNTEAFF,#452C2C
TLML_1_,CASGNPPSGYTF,#636375
TLML_1_,CASGSGGWLYEQYF,#A3C8C9
TLML_1_,CSARGEWTGSPYEQYF,#FF913F
TLML_1_,CASSEVYSEAFF,#938A81
TLML_4_,CASSPSGTGNIQYF,#FFFF00
TLML_4_,CASSETTGGSYEQYF,#1CE6FF
TLML_4_,CASSMNERAYEQYF,#FF34FF
TLML_4_,CASSVPTGASSEAFF,#FF4A46
TLML_4_,CASSYGGAYNEQFF,#008941
TLML_4_,CASSYRRGGTEAFF,#006FA6
TLML_4_,CASSLVGVRGTEAFF,#A30059
TLML_4_,CASSSDQNQPQHF,#FFDBE5
TLML_4_,CASSYSGPGRNTGELFFGEGSRLTVLGKEAVGAPESSERAGWAEVSSCPTLRGAVLRGAAG,#7A4900
TLML_4_,CASSQDRFGNTIYF,#0000A6
TLML_4_,CSGRGVYNEQFF,#63FFAC
TLML_4_,CASSQGSLRDLATGELFF,#B79762
TLML_4_,CSGRAQRNEQFF,#004D43
TLML_4_,CASSQGPARDVSNYGYTF,#8FB0FF
TLML_4_,CASSMGQNYGYTF,#997D87
TLML_4_,CASSIRQEQFF,#5A0007
TLML_4_,CAWSIGGSFEAFF,#809693